Movie Id	Title	Year	IMDB rating	# Characters	# Female Characters	# Male Characters	# Undefined Characters	Female words	Male words	Undefined words
m457	neuromancer	1988	9.30	13	0	0	13	0	0	4455
m203	the godfather	1972	9.20	23	1	4	18	377	4484	2035
m369	the godfather: part ii	1974	9.00	32	1	6	25	538	6687	2880
m463	one flew over the cuckoo's nest	1975	8.90	21	1	6	14	270	4235	1464
m504	schindler's list	1993	8.90	13	0	3	10	0	1856	572
m42	casablanca	1942	8.80	15	2	7	6	1612	7686	322
m348	fight club	1999	8.80	17	1	1	15	716	1961	3596
m372	goodfellas	1990	8.80	15	1	2	12	577	1918	1065
m529	star wars	1977	8.80	12	0	3	9	0	3209	1131
m167	rear window	1954	8.70	10	2	2	6	2264	3911	350
m402	it's a wonderful life	1946	8.70	30	2	4	24	575	3996	2094
m419	the silence of the lambs	1991	8.70	15	1	1	13	2478	1462	3104
m430	manhunt	2003	8.70	11	1	1	9	230	522	2126
m433	the matrix	1999	8.70	12	2	4	6	858	3176	213
m436	memento	2000	8.70	11	1	3	7	797	3368	260
m482	psycho	1960	8.70	14	1	3	10	1085	3672	2137
m539	sunset blvd.	1950	8.70	13	2	3	8	3081	3540	821
m592	the usual suspects	1995	8.70	16	0	3	13	0	3430	1645
m114	lï¿½on	1994	8.60	10	1	1	8	897	932	758
m205	taxi driver	1976	8.60	13	2	4	7	1495	3116	847
m247	apocalypse now	1979	8.60	22	0	8	14	0	4341	1722
m298	citizen kane	1941	8.60	21	3	4	14	5060	3766	1664
m535	stranglehold	2007	8.60	11	0	0	11	0	0	1699
m536	dr. strangelove or: how i learned to stop worrying and love the bomb	1964	8.60	18	0	1	17	0	324	7001
m594	vertigo	1958	8.60	10	4	1	5	3444	2708	450
m15	aliens	1986	8.50	13	2	3	8	1465	990	1055
m55	eternal sunshine of the spotless mind	2004	8.50	14	3	4	7	4356	3430	901
m236	alien	1979	8.50	7	0	0	7	0	0	6014
m238	all about eve	1950	8.50	12	5	4	3	9523	5167	155
m296	chinatown	1974	8.50	26	1	5	20	1210	5608	975
m297	nuovo cinema paradiso	1988	8.50	6	1	2	3	402	2685	403
m301	a clockwork orange	1971	8.50	20	1	6	13	260	4789	2385
m502	saving private ryan	1998	8.50	9	0	4	5	0	5091	928
m514	the shining	1980	8.50	12	1	4	7	935	2410	875
m547	terminator 2: judgment day	1991	8.50	10	1	2	7	469	1474	699
m558	the third man	1949	8.50	15	1	5	9	687	2791	622
m566	the pianist	2002	8.50	18	0	2	16	0	1185	1381
m3	2001: a space odyssey	1968	8.40	13	0	3	10	0	1605	1389
m16	amadeus	1984	8.40	28	3	7	18	1419	7433	1592
m40	braveheart	1995	8.40	15	2	2	11	765	941	1668
m53	the elephant man	1980	8.40	15	2	4	9	467	4258	884
m76	gladiator	2000	8.40	14	2	2	10	889	2101	2961
m134	metropolis	1927	8.40	11	1	0	10	112	0	1597
m139	mr. smith goes to washington	1939	8.40	22	3	6	13	3261	7986	1235
m166	raging bull	1980	8.40	12	1	2	9	813	3833	947
m170	reservoir dogs	1992	8.40	13	0	7	6	0	7108	989
m246	the apartment	1960	8.40	16	3	4	9	2633	3531	5563
m253	back to the future	1985	8.40	12	0	2	10	0	1801	2188
m332	l.a. confidential	1997	8.40	21	1	5	15	735	4707	1711
m445	monty python and the holy grail	1975	8.40	28	0	6	22	0	2230	2037
m465	on the waterfront	1954	8.40	19	1	5	13	1278	5015	1287
m522	some like it hot	1959	8.40	17	1	5	11	2567	6931	981
m568	the sting	1973	8.40	25	1	6	18	83	3909	2420
m34	blade runner	1982	8.30	18	2	3	13	579	1509	1755
m50	donnie darko	2001	8.30	19	1	1	17	434	2265	2841
m98	indiana jones and the last crusade	1989	8.30	9	1	4	4	289	3069	323
m103	it happened one night	1934	8.30	25	2	3	20	3947	4571	1475
m108	jaws	1975	8.30	12	1	4	7	324	3880	438
m151	no country for old men	2007	8.30	18	1	7	10	433	3376	868
m181	simone	2010	8.30	18	0	0	18	0	0	7730
m243	annie hall	1977	8.30	24	3	3	18	3561	6612	1046
m305	cool hand luke	1967	8.30	12	1	3	8	329	2328	902
m323	die hard	1988	8.30	11	0	5	6	0	2505	1051
m347	fargo	1996	8.30	25	1	8	16	1339	3942	1291
m374	the grapes of wrath	1940	8.30	33	1	3	29	1547	3292	2991
m390	hotel rwanda	2004	8.30	20	1	4	15	431	2932	1222
m489	star wars: episode vi - return of the jedi	1983	8.30	14	0	2	12	0	875	1715
m591	unforgiven	1992	8.30	15	2	5	8	438	4010	1716
m610	the wizard of oz	1939	8.30	17	2	4	11	1997	2208	1336
m77	the graduate	1967	8.20	14	4	5	5	2339	4979	192
m94	the hustler	1961	8.20	10	1	5	4	1222	5813	252
m135	mighty morphin power rangers	1994	8.20	16	0	0	16	0	0	1491
m147	the night of the hunter	1955	8.20	15	2	3	10	556	902	2043
m182	the sixth sense	1999	8.20	7	1	2	4	230	1436	232
m190	stalag 17	1953	8.20	16	0	5	11	0	3753	2401
m213	the thing	1982	8.20	12	0	3	9	0	1552	1482
m269	the big lebowski	1998	8.20	21	1	6	14	720	6353	1015
m277	la battaglia di algeri	1966	8.20	16	0	1	15	0	210	1661
m320	the deer hunter	1978	8.20	16	1	4	11	334	2340	1461
m324	dog day afternoon	1975	8.20	19	1	7	11	293	6401	1031
m364	gandhi	1982	8.20	15	0	0	15	0	0	2624
m422	lock, stock and two smoking barrels	1998	8.20	23	0	3	20	0	1823	3190
m474	platoon	1986	8.20	13	0	2	11	0	895	2239
m546	sweet smell of success	1957	8.20	16	3	3	10	927	4631	916
m573	trouble in paradise	1932	8.20	13	2	2	9	1652	1996	757
m579	toy story	1995	8.20	12	1	3	8	177	2049	826
m582	trainspotting	1996	8.20	14	1	5	8	289	2940	613
m596	viridiana	1961	8.20	17	1	2	14	899	1293	1205
m28	barry lyndon	1975	8.10	22	0	3	19	0	1713	5475
m30	big fish	2003	8.10	11	3	2	6	1086	1226	2059
m52	duck soup	1933	8.10	8	0	4	4	0	1548	2766
m84	harold and maude	1971	8.10	12	1	3	8	2648	2012	1008
m90	his girl friday	1940	8.10	22	1	6	15	4037	6982	2677
m289	casino	1995	8.10	44	2	9	33	2185	12821	1877
m329	ed wood	1994	8.10	22	2	5	15	717	6471	1390
m341	the exorcist	1973	8.10	20	3	4	13	1822	2657	1012
m373	good will hunting	1997	8.10	18	1	6	11	1125	8216	446
m480	the princess bride	1987	8.10	15	1	6	8	529	3539	1519
m491	rocky	1976	8.10	21	2	6	13	588	4871	1271
m509	the searchers	1956	8.10	19	1	3	15	342	2670	910
m549	the terminator	1984	8.10	10	1	1	8	806	790	620
m569	the thin man	1934	8.10	19	5	3	11	2880	3392	1449
m587	twelve monkeys	1995	8.10	14	1	2	11	1243	2645	993
m63	frankenstein	1931	8.00	12	1	2	9	466	1586	1477
m101	the insider	1999	8.00	27	2	4	21	302	6210	1603
m104	jfk	1991	8.00	34	3	7	24	2411	10030	3509
m140	mr. deeds goes to town	1936	8.00	31	2	7	22	1290	5511	1327
m239	all the president's men	1976	8.00	25	1	5	19	268	5554	2323
m266	being there	1979	8.00	28	3	6	19	3125	4410	1628
m283	brazil	1985	8.00	20	1	5	14	446	3742	1771
m293	charade	1963	8.00	15	1	4	10	195	2275	6601
m299	clerks.	1994	8.00	21	2	6	13	2424	9141	1392
m307	crash	2004/I	8.00	5	1	0	4	392	0	1549
m310	crouching tiger, hidden dragon	2003	8.00	15	1	1	13	1230	832	1914
m337	star wars: the empire strikes back	1982	8.00	16	0	3	13	0	1653	4054
m428	magnolia	1999	8.00	36	6	12	18	2680	8056	1771
m438	midnight cowboy	1969	8.00	10	0	2	8	0	2503	796
m448	mulholland dr.	2001	8.00	22	4	2	16	1956	668	1202
m459	the nightmare before christmas	1993	8.00	7	1	0	6	120	0	556
m518	sling blade	1996	8.00	16	2	6	8	1365	9443	723
m555	the truman show	1998	8.00	16	1	3	12	447	2007	1062
m615	young frankenstein	1974	8.00	14	2	2	10	804	816	2763
m109	juno	2007	7.90	16	5	2	9	5594	1670	518
m149	ninotchka	1939	7.90	19	3	6	10	6284	6534	728
m168	rebel without a cause	1955	7.90	15	2	4	9	957	3447	526
m208	the birds	1963	7.90	16	5	1	10	4551	1941	1524
m233	l'avventura	1960	7.90	20	2	1	17	1715	1506	2605
m254	badlands	1973	7.90	12	1	1	10	506	1339	333
m267	being john malkovich	1999	7.90	19	2	3	14	2114	3671	1274
m326	do the right thing	1989	7.90	17	2	6	9	602	2408	1274
m357	the french connection	1971	7.90	18	0	2	16	0	1039	1530
m368	glengarry glen ross	1992	7.90	7	0	6	1	0	10713	91
m379	halloween	1978	7.90	13	4	2	7	1461	642	422
m380	hannah and her sisters	1986	7.90	18	5	5	8	5342	3955	611
m411	jurassic park	1993	7.90	13	2	4	7	1158	3438	1184
m425	lost in translation	2003	7.90	9	2	2	5	1027	1011	276
m586	true romance	1993	7.90	23	1	8	14	1633	6739	1926
m13	airplane!	1980	7.80	20	1	1	18	516	485	1634
m36	blue velvet	1986	7.80	14	2	2	10	2271	3288	1235
m37	the boondock saints	1999	7.80	17	0	6	11	0	4581	1133
m41	the butterfly effect	2004	7.80	15	2	2	11	1484	2491	992
m124	lost horizon	1937	7.80	12	1	5	6	366	7779	1245
m131	mash	1970	7.80	19	0	4	15	0	5100	2724
m153	o brother, where art thou?	2000	7.80	15	1	3	11	204	2353	956
m178	sideways	2004	7.80	12	2	2	8	829	6882	1080
m193	star trek: the wrath of khan	1982	7.80	17	1	3	13	386	3236	2483
m237	alien vs. predator	1993	7.80	13	0	0	13	0	0	2431
m249	as good as it gets	1997	7.80	15	2	3	10	2193	4052	687
m256	barton fink	1991	7.80	12	1	6	5	356	4726	1608
m274	blood simple.	1984	7.80	10	1	4	5	397	1351	364
m302	collateral	2004	7.80	14	1	3	10	315	4408	1248
m315	dark city	1998	7.80	12	0	1	11	0	314	1403
m318	dead poets society	1989	7.80	15	1	5	9	287	3812	1000
m365	gattaca	1997	7.80	16	1	2	13	315	1766	2032
m441	misery	1990	7.80	7	3	2	2	3567	2069	156
m455	nothing but a man	1964	7.80	19	2	3	14	809	2329	1026
m478	predator	1987	7.80	6	0	1	5	0	489	759
m493	romeo and juliet	1968/I	7.80	14	2	3	9	1620	2476	1230
m524	sounder	1972	7.80	17	2	2	13	1315	2287	1022
m525	south park: bigger longer & uncut	1999	7.80	24	0	7	17	0	3424	1981
m545	the sweet hereafter	1997	7.80	16	3	5	8	1612	3135	704
m581	traffic	2000	7.80	29	2	4	23	1099	1982	3483
m612	watchmen	2009	7.80	16	1	4	11	1048	2430	720
m72	ghost world	2001	7.70	19	3	3	13	6476	2727	1107
m78	grand hotel	1932	7.70	19	3	9	7	2014	5865	620
m126	minority report	2002	7.70	20	3	7	10	1125	4315	1223
m128	malcolm x	1992	7.70	26	1	3	22	617	3005	2195
m129	man on fire	2004	7.70	17	1	3	13	375	2776	2030
m130	marty	1955	7.70	17	2	2	13	964	2919	3315
m132	meet john doe	1941	7.70	18	2	3	13	1778	2631	2109
m225	the verdict	1982	7.70	22	3	7	12	744	6124	1016
m282	the bourne identity	2002	7.70	18	1	3	14	996	2038	1085
m416	kramer vs. kramer	1979	7.70	17	2	4	11	1313	4035	1424
m453	nashville	1975	7.70	24	2	5	17	408	1466	1759
m481	the producers	1968	7.70	11	0	3	8	0	3669	637
m550	the game	1997	7.70	16	2	3	11	1233	2994	670
m553	the man who wasn't there	2001	7.70	16	2	5	9	414	3436	886
m576	tombstone	1993	7.70	20	2	4	14	629	3818	1691
m39	the bourne supremacy	2004	7.60	16	4	2	10	1482	1385	822
m60	fear and loathing in las vegas	1998	7.60	8	1	2	5	300	4676	435
m88	high fidelity	2000	7.60	14	5	3	6	3327	6077	783
m105	jackie brown	1997	7.60	13	2	6	5	4552	8395	267
m116	leaving las vegas	1995	7.60	6	1	1	4	1837	1297	321
m123	lost highway	1997	7.60	23	3	3	17	822	1236	1286
m196	star trek: first contact	1996	7.60	16	3	5	8	844	2568	709
m202	swingers	1996	7.60	15	2	4	9	394	6377	825
m232	the abyss	1989	7.60	9	1	1	7	1462	1106	1010
m235	a hard day's night	1964	7.60	20	2	8	10	249	4590	603
m262	batman	1989	7.60	15	1	3	11	925	1575	914
m311	the crow	1994	7.60	15	0	2	13	0	792	1563
m384	heavenly creatures	1994	7.60	4	3	0	1	1678	0	216
m414	king kong	2005	7.60	7	1	1	5	393	379	919
m423	lone star	1996	7.60	38	5	11	22	2180	5044	2088
m439	midnight express	1978	7.60	12	0	2	10	0	1037	1334
m471	philadelphia	1993	7.60	17	1	4	12	414	4038	1602
m484	vampyr	1932	7.60	7	0	0	7	0	0	372
m492	who framed roger rabbit	1988	7.60	11	2	4	5	574	2920	406
m500	salt of the earth	1954	7.60	14	1	0	13	889	0	2294
m609	witness	1985	7.60	10	1	4	5	1078	1937	410
m5	the fifth element	1997	7.50	22	1	2	19	233	1767	1899
m17	an american werewolf in london	1981	7.50	15	1	2	12	875	2442	1568
m43	cast away	2000	7.50	16	1	4	11	429	2190	726
m44	the cider house rules	1999	7.50	19	3	5	11	1195	3950	848
m69	george washington	2000	7.50	17	2	5	10	1061	1608	4244
m99	indiana jones and the temple of doom	1984	7.50	8	1	1	6	950	1500	1018
m106	jacob's ladder	1990/I	7.50	26	1	5	20	1449	4502	1591
m119	life as a house	2001	7.50	14	2	4	8	1838	3943	1069
m162	pleasantville	1998	7.50	15	3	3	9	1497	2397	1586
m230	wonder boys	2000	7.50	16	2	3	11	1139	5871	994
m281	bound	1996	7.50	7	2	2	3	3052	1437	471
m352	the fisher king	1991	7.50	11	2	2	7	2077	3865	708
m353	five easy pieces	1970	7.50	14	3	0	11	2102	0	2973
m366	the getaway	1972	7.50	10	1	2	7	904	1560	598
m370	gods and monsters	1998	7.50	12	2	4	6	1030	6023	518
m397	the ice storm	1997	7.50	16	2	6	8	1729	3269	1300
m503	say anything...	1989	7.50	20	2	1	17	2158	2552	2378
m517	sleepy hollow	1999	7.50	16	1	4	11	790	2964	1008
m519	smoke	1995	7.50	15	3	5	7	1790	8583	572
m567	the piano	1993	7.50	6	0	2	4	0	826	671
m18	american madness	1932	7.40	22	2	4	16	911	3952	1376
m20	american psycho	2000	7.40	17	4	3	10	1059	3804	1031
m91	hope and glory	1987	7.40	11	2	2	7	955	720	948
m148	a nightmare on elm street	1984	7.40	9	2	1	6	1334	327	810
m163	punch-drunk love	2002	7.40	18	4	4	10	1870	3625	1294
m189	spider-man	2002	7.40	18	1	3	14	206	1201	2278
m209	the body snatcher	1945	7.40	8	1	3	4	461	3683	479
m221	total recall	1990	7.40	17	2	5	10	620	2244	781
m231	the woodsman	2004	7.40	9	3	4	2	994	3642	74
m276	blow	2001	7.40	22	3	5	14	772	4936	1644
m304	contact	1997	7.40	15	1	4	10	3325	3075	1766
m331	election	1999	7.40	15	2	1	12	1001	1630	1539
m340	excalibur	1981	7.40	11	0	3	8	0	2653	802
m375	grosse pointe blank	1997	7.40	19	3	5	11	847	2412	997
m395	the hudsucker proxy	1994	7.40	20	1	3	16	1355	2624	1098
m399	interview with the vampire: the vampire chronicles	1994	7.40	6	1	4	1	851	4154	15
m432	man on the moon	1999	7.40	17	1	3	13	189	2980	733
m511	shakespeare in love	1998	7.40	22	1	4	17	1001	3048	1531
m512	shallow grave	1994	7.40	11	1	4	6	825	3602	338
m561	le grand bleu	1988	7.40	14	2	3	9	1548	2384	732
m565	the messenger	2009/I	7.40	24	0	2	22	0	901	7921
m574	titanic	1997	7.40	19	1	2	16	1265	1644	1741
m614	x-men	2000	7.40	9	0	0	9	0	0	2001
m120	the life of david gale	2003	7.30	27	0	0	27	0	0	7983
m164	quills	2000	7.30	17	2	3	12	1043	3513	700
m194	star trek iv: the voyage home	1986	7.30	22	1	4	17	1045	3828	1365
m206	the rock	1996	7.30	4	0	2	2	0	460	96
m216	thelma & louise	1991	7.30	13	2	2	9	5140	978	1533
m218	thirteen days	2000	7.30	14	0	2	12	0	2236	2000
m265	beetle juice	1988	7.30	11	3	4	4	2652	2388	912
m292	the crying game	1992	7.30	10	1	5	4	467	4203	211
m334	the english patient	1996	7.30	17	2	3	12	2488	2067	3582
m343	face/off	1997	7.30	15	1	2	12	639	1902	1190
m358	frequency	2000	7.30	11	1	3	7	275	3868	394
m383	heathers	1989	7.30	15	1	1	13	1964	1277	1786
m396	i walked with a zombie	1943	7.30	9	3	2	4	1999	1607	816
m398	insomnia	2002/I	7.30	10	2	3	5	300	1387	396
m408	jerry maguire	1996	7.30	15	3	4	8	1663	3866	601
m420	last of the mohicans	1977	7.30	12	1	2	9	511	1921	1887
m544	superman	1978	7.30	14	2	4	8	1190	2713	1199
m560	the believer	2001	7.30	25	2	4	19	844	3640	1599
m570	three kings	1999	7.30	5	1	0	4	2099	0	5763
m590	unbreakable	2000	7.30	10	1	3	6	534	1921	430
m599	wall street	1987	7.30	18	2	4	12	981	6703	1014
m38	bottle rocket	1996	7.20	13	0	4	9	0	6174	374
m46	croupier	1998	7.20	12	3	4	5	1392	2313	249
m59	fast times at ridgemont high	1982	7.20	18	2	4	12	2164	1856	1408
m62	frances	1982	7.20	29	2	5	22	4127	2140	1622
m68	galaxy quest	1999	7.20	14	1	6	7	819	3950	838
m89	highlander	1986	7.20	29	0	1	28	0	528	5356
m159	pirates of the caribbean	2003	7.20	12	1	2	9	745	2596	1963
m197	star trek vi: the undiscovered country	1991	7.20	17	0	5	12	0	3371	1382
m204	the talented mr. ripley	1999	7.20	11	2	5	4	1387	5775	665
m217	there's something about mary	1998	7.20	18	2	5	11	2188	5521	793
m229	wild at heart	1990	7.20	22	2	4	16	4726	4808	1442
m279	the bridges of madison county	1995	7.20	13	3	2	8	3435	2631	591
m333	enemy of the state	1998	7.20	35	2	6	27	301	4450	1947
m336	erin brockovich	2000	7.20	22	2	2	18	5060	2727	1600
m415	klute	1971	7.20	13	1	2	10	2359	2042	1395
m431	manhunter	1986	7.20	22	2	7	13	821	5269	1466
m446	mrs brown	1997	7.20	14	1	5	8	1091	2905	601
m456	the negotiator	1998	7.20	3	0	0	3	0	0	302
m467	out of sight	1998	7.20	19	2	9	8	2674	7735	718
m494	ronin	1998	7.20	14	1	3	10	983	3489	1870
m507	scream	1996/I	7.20	16	4	5	7	2714	2575	854
m548	taking sides	2001	7.20	10	1	3	6	397	4236	1701
m585	true lies	1994	7.20	12	1	3	8	1002	3097	848
m22	austin powers: international man of mystery	1997	7.10	18	2	4	12	1066	3654	1088
m32	black snake moan	2006	7.10	15	3	4	8	1785	3703	905
m65	from dusk till dawn	1996	7.10	12	1	3	8	320	4196	1057
m95	i am legend	2007	7.10	5	1	1	3	248	232	174
m150	nixon	1995	7.10	28	1	10	17	684	11945	1930
m165	rko 281	1999	7.10	12	2	4	6	787	4171	591
m175	sex, lies, and videotape	1989	7.10	9	2	2	5	5079	3808	487
m200	strange days	1995	7.10	11	2	3	6	1677	4517	448
m215	the jacket	2005	7.10	12	3	3	6	2001	2802	415
m222	tremors	1990	7.10	10	1	2	7	448	2649	643
m226	the war of the worlds	1953	7.10	16	1	1	14	494	720	976
m252	a walk to remember	2002	7.10	9	2	2	5	1368	1718	439
m285	broadcast news	1987	7.10	16	1	3	12	2308	4950	1134
m417	kundun	1997	7.10	21	0	2	19	0	663	2483
m444	moonstruck	1987	7.10	19	3	5	11	2589	2734	606
m454	natural born killers	1994	7.10	15	0	3	12	0	4067	1813
m490	the rocky horror picture show	1975	7.10	9	1	2	6	376	872	371
m501	the salton sea	2002	7.10	16	2	4	10	478	3143	1028
m530	starship troopers	1997	7.10	17	2	5	10	980	3079	908
m598	wag the dog	1997	7.10	21	1	1	19	1211	3555	4089
m608	willow	1988	7.10	10	1	2	7	246	1416	659
m79	the grifters	1990	7.00	15	2	3	10	2676	1979	1165
m87	hellraiser	1987	7.00	11	2	4	5	1072	1374	388
m125	men in black	1997	7.00	14	1	1	12	334	454	3885
m180	silverado	1985	7.00	17	1	2	14	284	1600	2247
m212	the lost boys	1987	7.00	10	2	5	3	982	2164	624
m224	twin peaks: fire walk with me	1992	7.00	30	2	5	23	1548	1896	2473
m272	blade	1998	7.00	9	1	2	6	800	1149	1008
m288	bull durham	1988	7.00	16	1	3	12	1698	2896	835
m308	crazy love	2007/I	7.00	9	2	0	7	542	0	4164
m317	day of the dead	1985	7.00	14	1	2	11	336	1122	1772
m472	pitch black	2000	7.00	9	1	2	6	1341	2239	848
m552	the limey	1999	7.00	17	2	5	10	1320	4126	1001
m0	10 things i hate about you	1999	6.90	12	3	5	4	2333	2826	290
m4	48 hrs.	1982	6.90	16	1	2	13	672	4549	1297
m10	affliction	1997	6.90	16	3	5	8	827	5069	1036
m26	bad lieutenant	1992	6.90	10	1	2	7	273	1285	696
m70	get shorty	1995	6.90	18	1	7	10	843	7238	883
m75	ghostbusters	1986	6.90	19	0	0	19	0	0	4880
m142	the mummy	1999	6.90	10	1	3	6	1139	1819	618
m155	panic room	2002	6.90	8	2	3	3	780	1757	533
m157	the patriot	2000	6.90	17	0	2	15	0	990	2637
m161	platinum blonde	1931	6.90	11	1	4	6	638	5710	2193
m171	roughshod	1949	6.90	13	2	2	9	2026	2573	741
m174	the seventh victim	1943	6.90	20	3	4	13	1699	3080	1363
m179	signs	2002	6.90	7	1	3	3	297	1585	250
m199	starman	1984	6.90	15	1	3	11	1746	1650	1852
m240	american pie	1999	6.90	19	4	4	11	1407	3191	951
m257	basic instinct	1992	6.90	11	2	2	7	1688	2593	931
m259	batman returns	1992	6.90	9	1	3	5	543	1900	620
m313	the curse of the cat people	1944	6.90	9	5	2	2	3005	1477	390
m413	kafka	1991	6.90	14	1	5	8	1025	2778	1200
m435	meet joe black	1998	6.90	14	2	5	7	2014	7333	900
m443	mission: impossible	1996	6.90	14	2	4	8	772	3195	521
m462	notting hill	1999	6.90	17	1	3	13	1900	3404	1224
m477	point break	1991	6.90	7	1	3	3	471	2982	400
m563	the leopard man	1943	6.90	11	1	3	7	651	2714	835
m575	transatlantic merry-go-round	1934	6.90	14	3	5	6	1805	3877	971
m45	confidence	2003	6.80	17	1	7	9	1003	5435	1571
m86	hellboy	2004	6.80	12	0	2	10	0	1113	1352
m111	kids	1995	6.80	20	3	3	14	954	2768	952
m141	mumford	1999	6.80	17	4	4	9	2878	4232	1248
m154	an officer and a gentleman	1982	6.80	11	2	4	5	1624	3928	323
m207	the majestic	2001	6.80	17	1	5	11	992	3825	1470
m245	antz	1998	6.80	10	1	2	7	721	1831	1253
m284	bringing out the dead	1999	6.80	15	1	4	10	1144	2944	1340
m286	a bucket of blood	1959	6.80	12	2	3	7	734	2027	1009
m316	dave	1993	6.80	9	1	5	3	509	3040	297
m346	fantastic voyage	1966	6.80	10	1	5	4	457	3628	364
m350	final destination	2000	6.80	7	1	1	5	345	588	475
m406	the jazz singer	1927	6.80	2	0	0	2	0	0	290
m476	the ploughman's lunch	1983	6.80	12	2	3	7	1508	1986	715
m485	mystery of the wax museum	1933	6.80	14	2	3	9	2048	1196	1714
m497	rush hour	1998	6.80	11	1	3	7	176	2720	537
m532	state and main	2000	6.80	22	2	4	16	1562	4111	2808
m556	the x files	1998	6.80	15	1	3	11	1325	2931	1072
m571	thx 1138	1971	6.80	10	1	3	6	289	1049	809
m578	to sleep with anger	1990	6.80	13	2	3	8	1032	3650	1020
m83	hardcore	1979	6.70	19	2	3	14	1215	3309	1440
m110	kalifornia	1993	6.70	8	2	2	4	1196	1510	233
m122	logan's run	1976	6.70	13	1	4	8	947	2591	377
m138	my mother dreams the satan's disciples in new york	1998	6.70	5	2	0	3	843	0	282
m160	plastic man	1999	6.70	8	0	0	8	0	0	5145
m223	true believer	1989	6.70	17	1	5	11	318	3672	687
m258	basquiat	1996	6.70	23	1	5	17	359	2656	994
m312	cruel intentions	1999	6.70	14	4	3	7	3562	3077	727
m342	the fabulous baker boys	1989	6.70	21	2	2	17	1448	5645	1198
m355	fletch	1985	6.70	22	2	6	14	514	3823	2029
m427	love & basketball	2000	6.70	13	5	2	6	2935	2215	482
m479	pretty woman	1990	6.70	12	2	3	7	2712	2875	588
m520	snow falling on cedars	1999	6.70	16	1	4	11	305	3170	1205
m534	storytelling	2001	6.70	15	4	5	6	723	1699	916
m542	superman ii	1980	6.70	17	1	1	15	947	532	2165
m584	tron	1982	6.70	12	0	3	9	0	1578	1897
m589	u turn	1997	6.70	13	2	5	6	2287	6633	778
m25	backdraft	1991	6.60	14	2	3	9	820	4376	1473
m73	the ghost and the darkness	1996	6.60	9	0	5	4	0	3345	472
m97	independence day	1996	6.60	19	2	5	12	344	1614	1145
m184	slither	2006	6.60	11	2	1	8	854	523	524
m185	smokey and the bandit	1977	6.60	12	0	2	10	0	2017	1385
m186	smokin' aces	2006	6.60	19	2	7	10	790	2870	1614
m219	thunderheart	1992	6.60	11	0	2	9	0	3513	2104
m242	anastasia	1997	6.60	10	1	2	7	612	934	1060
m264	beavis and butt-head do america	1996	6.60	9	0	4	5	0	2049	528
m271	blade ii	2002	6.60	10	1	2	7	485	1011	689
m344	the family man	2000	6.60	18	2	4	12	1301	4012	697
m389	hostage	2005/I	6.60	28	0	5	23	0	3207	1836
m401	isle of the dead	1945	6.60	8	2	1	5	911	733	2148
m487	rambling rose	1991	6.60	12	3	5	4	6247	6834	184
m499	sleepless in seattle	1993	6.60	19	4	3	12	2568	3051	1006
m606	wild things	1998	6.60	13	3	2	8	2181	2837	1190
m47	dark star	1974	6.50	7	0	6	1	0	2771	16
m49	detroit rock city	1999	6.50	16	0	4	12	0	3167	1554
m100	innerspace	1987	6.50	16	0	1	15	0	1901	4132
m176	shivers	1975	6.50	12	0	2	10	0	1391	1037
m191	star trek: generations	1994	6.50	15	1	3	11	299	1579	1911
m192	star trek iii: the search for spock	1984	6.50	20	1	5	14	517	2079	1530
m220	top gun	1986	6.50	16	1	5	10	1166	3390	1060
m234	agnes of god	1985	6.50	10	3	0	7	6153	0	532
m260	batman and robin	1949	6.50	13	1	5	7	447	2148	1261
m291	cellular	2004	6.50	13	0	0	13	0	0	7540
m303	conspiracy theory	1997	6.50	10	0	3	7	0	3186	2052
m306	copycat	1995	6.50	14	2	3	9	4864	1638	1894
m328	dune	1984	6.50	13	1	1	11	288	850	1723
m354	five feet high and rising	2000	6.50	9	1	2	6	157	504	444
m496	rush hour 2	2001	6.50	13	1	2	10	395	4180	1155
m537	suburbia	1996	6.50	12	3	5	4	1922	8054	81
m564	the lost son	1999	6.50	25	4	3	18	3135	5175	2289
m601	what lies beneath	2000	6.50	10	4	2	4	2935	1310	380
m603	the witching hour	1996	6.50	15	0	0	15	0	0	5236
m33	black rain	1989/I	6.40	9	1	3	5	235	1654	975
m35	blast from the past	1999	6.40	21	2	3	16	2827	4231	853
m57	event horizon	1997	6.40	10	2	4	4	1135	3925	768
m61	feast	2005	6.40	16	2	1	13	813	387	1352
m96	invaders from mars	1953	6.40	6	1	2	3	393	830	407
m102	intolerable cruelty	2003	6.40	18	2	4	12	2324	3226	1135
m127	made	2001	6.40	22	1	5	16	315	6360	1449
m152	nurse betty	2000	6.40	22	5	5	12	3985	5479	1788
m173	serial mom	1994	6.40	18	2	1	15	1018	343	1201
m198	star trek: nemesis	2002	6.40	15	2	5	8	600	4948	657
m228	white squall	1996	6.40	21	0	3	18	0	2342	2168
m309	crime spree	2003	6.40	20	1	4	15	340	2609	3306
m349	final destination 2	2003	6.40	16	2	1	13	1547	440	864
m376	the horse whisperer	1998	6.40	13	3	2	8	4991	2866	886
m381	hannibal	2001	6.40	22	2	5	15	2028	2209	2126
m451	my girl	1991	6.40	12	2	3	7	2729	1966	515
m577	tomorrow never dies	1997	6.40	22	0	2	20	0	1484	3494
m616	zulu dawn	1979	6.40	10	0	0	10	0	0	1009
m6	8mm	1999	6.30	15	1	5	9	202	5628	1549
m11	air force one	1997	6.30	23	0	2	21	0	944	2507
m27	bamboozled	2000	6.30	19	2	4	13	1241	5322	2051
m29	basic	2003	6.30	12	1	5	6	1297	5686	1036
m51	drop dead gorgeous	1999	6.30	20	3	0	17	1499	0	1679
m93	human nature	2001	6.30	10	2	2	6	2527	2891	762
m158	pet sematary	1989	6.30	5	2	2	1	839	2385	69
m195	star trek: insurrection	1998	6.30	19	2	6	11	667	3482	1346
m227	new nightmare	1994	6.30	13	1	4	8	1141	763	941
m321	demolition man	1993	6.30	12	0	0	12	0	0	2697
m386	hero	1992/I	6.30	15	2	4	9	1470	3096	1366
m461	a nightmare on elm street 3: dream warriors	1987	6.30	13	2	1	10	1074	803	1143
m469	peggy sue got married	1986	6.30	15	3	3	9	4277	2963	1434
m488	red white black & blue	2006	6.30	11	0	0	11	0	0	4035
m559	the beach	2000/I	6.30	6	0	2	4	0	538	426
m602	what women want	2000	6.30	2	0	0	2	0	0	61
m611	the world is not enough	1999	6.30	10	2	3	5	980	1834	325
m1	1492: conquest of paradise	1992	6.20	14	0	2	12	0	1474	1188
m85	hellbound: hellraiser ii	1988	6.20	9	1	1	7	317	159	408
m117	legally blonde	2001	6.20	19	4	2	13	2764	819	1304
m118	legend	1985	6.20	13	2	2	9	1010	4647	1586
m146	nick of time	1995	6.20	11	1	3	7	226	1949	803
m187	solaris	2002	6.20	5	1	2	2	1136	2167	482
m244	the anniversary party	2001	6.20	16	7	5	4	4186	3251	344
m300	cliffhanger	1993	6.20	13	1	4	8	1190	2639	469
m407	jennifer eight	1992	6.20	10	1	3	6	483	4254	1077
m452	my best friend's wedding	1997	6.20	7	2	1	4	2643	1091	690
m464	only you	1994	6.20	15	2	3	10	4239	1662	723
m483	maniac	1980	6.20	11	0	0	11	0	0	1350
m513	shampoo	1975	6.20	23	5	4	14	3543	4318	669
m531	star trek: the motion picture	1979	6.20	11	0	3	8	0	2509	717
m533	stepmom	1998	6.20	9	1	2	6	3037	1302	3619
m557	the cell	2000	6.20	8	2	1	5	1144	722	421
m562	the hebrew hammer	2003	6.20	8	1	2	5	326	1336	989
m580	the magic toyshop	1987	6.20	4	1	1	2	347	406	83
m2	15 minutes	2001	6.10	23	2	6	15	805	4495	1669
m14	alien nation	1988	6.10	13	0	1	12	0	1872	2190
m74	ghostbusters ii	1989	6.10	16	2	5	9	991	4319	1188
m188	someone to watch over me	1987	6.10	12	2	2	8	1484	1642	583
m251	asylum	2005	6.10	14	0	2	12	0	543	6631
m330	edtv	1999	6.10	19	3	4	12	1232	3931	1052
m335	entrapment	1999	6.10	5	1	3	1	1711	2786	16
m338	escape from the planet of the apes	1971	6.10	7	0	0	7	0	0	546
m429	the man in the iron mask	1998/I	6.10	13	0	5	8	0	4597	996
m508	seven	1979	6.10	9	1	1	7	265	392	5803
m21	antitrust	2001	6.00	16	2	2	12	1128	3332	1341
m31	birthday girl	2001	6.00	6	1	2	3	693	1798	167
m250	assassins	1995	6.00	10	1	3	6	1224	3661	384
m255	the adventures of buckaroo banzai across the 8th dimension	1984	6.00	16	1	1	14	511	823	1271
m363	game 6	2005	6.00	17	5	3	9	1491	3138	938
m371	gone in sixty seconds	2000	6.00	16	1	4	11	543	3628	2021
m410	the lost world: jurassic park	1997	6.00	10	2	4	4	806	2386	782
m437	miami vice	2006	6.00	13	1	3	9	1019	2737	1330
m495	route 9	1998	6.00	12	2	4	6	558	4404	897
m595	very bad things	1998	6.00	13	0	4	9	0	5349	2635
m600	waxwork	1988	6.00	12	0	0	12	0	0	1306
m24	bachelor party	1984	5.90	21	1	3	17	428	2107	1690
m54	erik the viking	1989	5.90	19	2	6	11	611	2354	735
m113	krull	1983	5.90	14	2	3	9	425	2587	1562
m143	mystery men	1999	5.90	13	1	3	9	341	1816	1043
m156	panther	1995/I	5.90	19	0	5	14	0	2993	1567
m325	domino	2005	5.90	17	1	2	14	917	803	1498
m505	scream 2	1997	5.90	23	4	2	17	1501	937	1894
m515	silver bullet	1985	5.90	5	0	1	4	0	623	1240
m516	sister act	1992	5.90	18	4	2	12	2645	1054	3777
m12	airplane ii: the sequel	1982	5.80	17	1	2	14	589	963	1145
m82	happy birthday, wanda june	1971	5.80	9	1	4	4	2029	8021	2235
m112	knight moves	1992	5.80	14	1	4	9	1677	4213	1459
m201	suspect zero	2004	5.80	15	1	2	12	912	3060	3616
m263	bean	1997	5.80	13	1	2	10	259	1743	915
m351	rambo: first blood part ii	1985	5.80	9	1	2	6	224	886	1404
m377	hackers	1995	5.80	18	2	2	14	701	1504	1850
m412	freddy vs. jason	2003	5.80	8	0	0	8	0	0	2788
m449	"murderland"	2009	5.80	8	0	0	8	0	0	5464
m527	spare me	1992	5.80	15	1	5	9	1074	4355	842
m588	u-turn	1973	5.80	14	1	0	13	308	0	10942
m19	american outlaws	2001	5.70	21	1	7	13	435	4909	821
m58	fantastic four	2005	5.70	11	1	4	6	860	3167	490
m214	the time machine	2002	5.70	13	2	3	8	730	3045	1835
m319	deep rising	1998	5.70	8	1	3	4	309	1615	266
m322	the devil and daniel webster	2004	5.70	15	0	3	12	0	4244	4077
m409	jurassic park iii	2001	5.70	6	1	4	1	502	2180	123
m440	mimic	1997	5.70	8	1	2	5	502	1054	310
m442	mission: impossible ii	2000	5.70	11	1	4	6	1149	3378	811
m458	never been kissed	1999	5.70	14	3	3	8	2586	1824	607
m593	verdict	1974	5.70	22	1	0	21	197	0	7751
m64	friday the 13th	2009	5.60	12	1	1	10	376	214	1093
m66	g.i. jane	1997	5.60	17	2	3	12	3069	1703	1689
m92	house of 1000 corpses	2003	5.60	14	3	2	9	1813	1903	2390
m268	beloved	1998/I	5.60	11	4	2	5	1716	1339	694
m270	the black dahlia	2006	5.60	2	0	0	2	0	0	140
m356	the adventures of ford fairlane	1990	5.60	13	3	3	7	1099	3392	699
m378	halloween 4: the return of michael myers	1988	5.60	17	2	3	12	739	1019	899
m387	hider in the house	1989	5.60	13	1	2	10	1163	1310	1695
m403	jaws 2	1978	5.60	25	2	5	18	476	2688	1577
m424	lord of illusions	1995	5.60	18	1	4	13	535	2074	1076
m521	soldier	1998/I	5.60	2	0	0	2	0	0	465
m528	sphere	1998	5.60	12	1	4	7	2253	6596	411
m613	xxx	2002	5.60	11	0	3	8	0	4377	1822
m136	mobsters	1991	5.50	18	0	3	15	0	2221	2079
m144	napoleon	1995	5.50	28	3	4	21	774	4667	2757
m169	reindeer games	2000	5.50	13	1	3	9	1164	4188	799
m211	the day the earth stood still	2008	5.50	11	1	3	7	704	2487	1471
m473	planet of the apes	2001	5.50	12	0	2	10	0	1431	3273
m523	the wedding date	2005	5.50	10	1	2	7	1258	1333	1008
m80	halloween h20: 20 years later	1998	5.40	12	1	2	9	472	471	887
m145	next friday	2000	5.40	16	1	5	10	148	3139	667
m177	shock treatment	1981	5.40	23	1	1	21	252	190	2165
m261	batman forever	1995	5.40	10	1	3	6	624	1659	1255
m382	happy campers	2001	5.40	12	1	1	10	838	912	2101
m394	hudson hawk	1991	5.40	12	1	1	10	849	1845	2907
m418	lake placid	1999	5.40	8	1	4	3	1541	3076	340
m468	pearl harbor	2001	5.40	21	1	2	18	474	1925	1595
m554	the relic	1997	5.40	13	1	2	10	1589	1666	2326
m48	dark angel	1990	5.30	17	2	1	14	489	193	5556
m71	ghost ship	2002	5.30	7	1	3	3	932	4091	228
m133	metro	1997	5.30	14	1	3	10	455	3437	1233
m287	buffy the vampire slayer	1992	5.30	19	3	4	12	2662	2080	1013
m339	escape from l.a.	1996	5.30	12	0	3	9	0	1407	885
m360	jason lives: friday the 13th part vi	1986	5.30	14	0	2	12	0	842	1017
m391	house on haunted hill	1999	5.30	11	2	4	5	1516	3091	305
m421	leviathan	1989	5.30	10	1	2	7	284	1296	1173
m506	scream 3	2000	5.30	16	3	2	11	2198	1153	2598
m597	virtuosity	1995	5.30	9	1	3	5	1179	2020	1617
m7	a nightmare on elm street 4: the dream master	1988	5.20	8	1	1	6	462	187	654
m498	runaway bride	1999	5.20	12	2	2	8	2033	1945	955
m510	seven days to live	2000	5.20	6	1	1	4	743	663	448
m538	sugar & spice	2001	5.20	11	4	1	6	2112	309	660
m359	friday the 13th part iii	1982	5.10	9	3	2	4	848	534	400
m393	hellraiser iii: hell on earth	1992	5.10	9	3	0	6	1659	0	1492
m121	little nicky	2000	5.00	19	2	3	14	532	2247	1375
m583	star trek v: the final frontier	1989	5.00	14	0	3	11	0	2273	941
m9	the atomic submarine	1959	4.90	8	0	3	5	0	1335	795
m67	godzilla	1998	4.90	12	1	1	10	744	213	1990
m241	an american werewolf in paris	1997	4.90	11	1	4	6	659	2814	927
m295	chill factor	1999	4.90	19	0	5	14	0	5578	1404
m385	hellraiser: hellseeker	2002	4.90	15	2	2	11	736	1630	1286
m460	a nightmare on elm street part 2: freddy's revenge	1985	4.90	8	1	2	5	644	1132	362
m248	arctic blue	1993	4.80	12	1	2	9	425	2914	1470
m294	cherry falls	2000	4.80	23	3	2	18	1687	903	1344
m367	get carter	2000	4.80	18	3	4	11	599	1747	870
m450	my girl 2	1994	4.80	17	3	5	9	3190	2514	896
m486	quantum project	2000	4.80	3	1	1	1	97	158	120
m8	a nightmare on elm street: the dream child	1989	4.70	8	2	1	5	1033	364	438
m172	scary movie 2	2001	4.70	15	1	4	10	896	1897	1437
m210	the crow: salvation	2000	4.70	11	2	1	8	573	592	851
m541	superman iii	1983	4.70	16	2	3	11	1113	2723	1624
m426	lost souls	2000	4.60	17	2	3	12	1628	1854	1013
m447	arcade	1993	4.60	9	1	1	7	770	845	948
m551	the haunting	1999	4.60	9	2	1	6	1777	912	816
m81	halloween: the curse of michael myers	1995	4.50	11	0	2	9	0	1003	1156
m115	labor of love	1998	4.50	19	1	0	18	447	0	3265
m137	monkeybone	2001	4.50	13	1	3	9	589	1978	1300
m275	bloodmoon	1997	4.50	14	0	0	14	0	0	6764
m314	the curse	1987	4.50	12	0	2	10	0	397	7310
m605	who's your daddy?	2003/I	4.50	15	2	2	11	473	654	5977
m107	jason x	2001	4.40	14	1	1	12	248	371	3006
m604	white angel	1994	4.40	6	1	1	4	852	1517	717
m392	house of the damned	1996	4.30	6	2	2	2	785	1261	560
m607	wild wild west	1999	4.30	9	1	2	6	235	1349	1869
m183	slash	2002	4.20	12	1	2	9	537	740	1201
m470	pet sematary ii	1992	4.20	8	0	2	6	0	513	736
m273	book of shadows: blair witch 2	2000	4.10	9	0	0	9	0	0	4108
m278	body of evidence	1993	4.10	19	3	4	12	2056	3756	2268
m361	jason goes to hell: the final friday	1993	4.10	9	0	2	7	0	506	943
m400	i still know what you did last summer	1998	4.10	12	2	1	9	1549	506	1110
m540	supergirl	1984	4.10	15	5	3	7	2315	1508	573
m56	even cowgirls get the blues	1993	4.00	7	2	2	3	1580	2125	246
m280	bones	2001	4.00	15	1	3	11	753	1775	2075
m362	friday the 13th part viii: jason takes manhattan	1989	3.90	11	4	2	5	964	824	230
m388	highlander iii: the sorcerer	1994	3.90	20	0	0	20	0	0	3842
m345	the fantastic four	1994	3.80	11	0	4	7	0	3148	1342
m434	halloween iii: season of the witch	1982	3.80	16	1	5	10	189	3549	492
m475	playback	1996	3.60	18	0	0	18	0	0	9986
m23	the avengers	1998	3.40	12	2	3	7	1709	1978	630
m543	superman iv: the quest for peace	1987	3.40	10	1	3	6	827	1541	900
m327	dumb and dumberer: when harry met lloyd	2003	3.30	17	2	3	12	1156	3827	743
m404	jaws 3-d	1983	3.30	16	2	3	11	1248	2305	310
m572	ticker	2001	3.30	11	0	1	10	0	981	1867
m290	catwoman	2004	3.20	13	1	0	12	272	0	5233
m526	spacejacked	1997	2.90	13	1	3	9	514	2074	1160
m405	jaws: the revenge	1987	2.60	11	2	3	6	1312	2882	509
m466	orgy of the dead	1965	2.50	6	2	1	3	514	464	702
