"imdb_id","genre_id"
"tt0488478",7
"tt0488478",9
"tt0488478",26
"tt0453562",5
"tt0453562",9
"tt0453562",25
"tt0381844",9
"tt0303593",19
"tt0450385",15
"tt0086837",18
"tt0086837",23
"tt0086837",26
"tt1190080",1
"tt1190080",3
"tt1190080",23
"tt0147800",6
"tt0147800",9
"tt0147800",22
"tt0417385",9
"tt3148266",3
"tt3148266",9
"tt3148266",18
"tt2024544",5
"tt2024544",9
"tt2024544",14
"tt1542344",3
"tt1542344",5
"tt1542344",9
"tt0103594",3
"tt0103594",5
"tt0103594",9
"tt0179626",1
"tt0179626",7
"tt0179626",9
"tt0974661",6
"tt0974661",9
"tt0974661",11
"tt0062622",18
"tt0062622",23
"tt0307901",7
"tt0307901",9
"tt1622547",1
"tt1622547",6
"tt1622547",7
"tt0914837",7
"tt0914837",9
"tt0083511",1
"tt0083511",6
"tt0083511",7
"tt1833204",24
"tt1833204",7
"tt1833204",9
"tt1022603",6
"tt1022603",9
"tt1022603",22
"tt0298203",9
"tt0298203",16
"tt0134273",7
"tt0134273",9
"tt0134273",18
"tt0104257",9
"tt0104257",26
"tt1019452",6
"tt1019452",9
"tt0212720",3
"tt0212720",9
"tt0212720",23
"tt0094602",1
"tt0094602",7
"tt0094602",9
"tt0118548",1
"tt0118548",7
"tt0118548",9
"tt0096754",3
"tt0096754",9
"tt0096754",23
"tt0109040",6
"tt1441235",8
"tt1441235",24
"tt0101272",6
"tt0101272",11
"tt1385826",22
"tt1385826",23
"tt1385826",26
"tt0118564",9
"tt0118564",18
"tt0118564",26
"tt0302297",6
"tt0838247",9
"tt0838247",15
"tt0838247",18
"tt0088683",9
"tt0088683",18
"tt0118571",1
"tt0118571",3
"tt0118571",9
"tt0080339",6
"tt0103639",4
"tt0103639",3
"tt0103639",6
"tt0248667",5
"tt0248667",9
"tt0248667",25
"tt0078748",15
"tt0078748",23
"tt0349773",8
"tt0094631",1
"tt0094631",7
"tt0094631",23
"tt0471072",1
"tt0471072",3
"tt0471072",23
"tt0118583",1
"tt0118583",15
"tt0118583",23
"tt0090605",1
"tt0090605",15
"tt0090605",23
"tt0042192",6
"tt0042192",9
"tt0881891",6
"tt0881891",22
"tt0405676",9
"tt0405676",26
"tt0074119",5
"tt0074119",9
"tt0074119",14
"tt0181875",3
"tt0181875",6
"tt0181875",9
"tt0369226",15
"tt0369226",23
"tt0086879",5
"tt0086879",9
"tt0086879",16
"tt1129445",3
"tt1129445",5
"tt1129445",9
"tt0169547",9
"tt0169547",22
"tt0765429",5
"tt0765429",7
"tt0765429",9
"tt0069704",6
"tt0069704",9
"tt0120586",7
"tt0120586",9
"tt1800241",7
"tt1800241",9
"tt0022626",9
"tt0244000",1
"tt0244000",28
"tt0163651",6
"tt0163651",22
"tt0112346",6
"tt0112346",9
"tt0112346",22
"tt0144084",9
"tt0305206",5
"tt0305206",6
"tt0305206",9
"tt0082010",6
"tt0082010",15
"tt1440728",7
"tt1440728",9
"tt1440728",26
"tt2216212",15
"tt1602620",9
"tt1602620",22
"tt1174732",9
"tt0289848",6
"tt0289848",7
"tt0122933",6
"tt0122933",7
"tt0118617",4
"tt0118617",3
"tt0118617",9
"tt0225071",9
"tt0225071",22
"tt0808151",18
"tt0808151",26
"tt1781769",9
"tt1781769",22
"tt0075686",6
"tt0075686",22
"tt0254099",6
"tt0254099",9
"tt0254099",22
"tt1521197",9
"tt1521197",14
"tt1521197",26
"tt0218817",1
"tt0218817",7
"tt0218817",9
"tt0120587",4
"tt0120587",3
"tt0120587",6
"tt0053604",6
"tt0053604",9
"tt0053604",22
"tt2617714",9
"tt2617714",27
"tt0112384",3
"tt0112384",9
"tt0090655",15
"tt0090655",18
"tt0118636",9
"tt0118636",22
"tt0118636",26
"tt1764183",9
"tt1764183",26
"tt0106302",15
"tt0106302",23
"tt0106303",1
"tt0106303",26
"tt1024648",5
"tt1024648",9
"tt1024648",14
"tt0120591",1
"tt0120591",3
"tt0120591",23
"tt0106308",6
"tt0106308",11
"tt0106308",15
"tt0036613",6
"tt0036613",7
"tt0036613",26
"tt1334512",6
"tt1334512",22
"tt1655442",6
"tt1655442",9
"tt1655442",22
"tt0119822",6
"tt0119822",9
"tt0119822",22
"tt0112401",1
"tt0112401",7
"tt0112401",26
"tt0118647",1
"tt0118647",7
"tt0118647",26
"tt0132512",9
"tt0132512",22
"tt1322269",9
"tt0118655",6
"tt0145660",1
"tt0145660",3
"tt0145660",6
"tt2114461",6
"tt0174480",9
"tt0499549",1
"tt0499549",3
"tt0499549",11
"tt0848228",1
"tt0848228",23
"tt0848228",26
"tt0099077",5
"tt0099077",9
"tt0449467",9
"tt0086927",6
"tt0050156",9
"tt0088763",3
"tt0088763",6
"tt0088763",23
"tt1816657",1
"tt1816657",3
"tt1816657",23
"tt1212436",6
"tt1212436",22
"tt0101393",1
"tt0101393",7
"tt0101393",9
"tt0112442",1
"tt0112442",6
"tt0112442",7
"tt2350892",1
"tt2350892",7
"tt2350892",9
"tt0047849",9
"tt0047849",26
"tt0047849",28
"tt0094701",15
"tt0094701",26
"tt0103759",7
"tt0103759",9
"tt0307987",6
"tt0307987",7
"tt0307987",9
"tt1284575",6
"tt0069762",7
"tt0069762",9
"tt0215545",6
"tt0215545",9
"tt0215545",16
"tt0072684",3
"tt0072684",9
"tt0072684",22
"tt0101410",6
"tt0101410",9
"tt0101410",18
"tt0264395",1
"tt0264395",7
"tt0264395",9
"tt0103772",9
"tt0103772",18
"tt0103772",26
"tt0115632",5
"tt0115632",9
"tt0096895",1
"tt0096895",3
"tt2316821",1
"tt0041162",1
"tt0041162",3
"tt0041162",7
"tt0372784",1
"tt0372784",3
"tt0112462",1
"tt0112462",3
"tt0112462",11
"tt0103776",1
"tt0058946",9
"tt0058946",27
"tt0357470",9
"tt0357470",22
"tt0357470",6
"tt2359006",1
"tt0163978",3
"tt0163978",9
"tt0163978",26
"tt0118689",6
"tt0118689",10
"tt2125435",9
"tt2125435",11
"tt0115641",4
"tt0115641",3
"tt0115641",6
"tt1532503",6
"tt1532503",9
"tt1532503",22
"tt1595680",9
"tt1595680",11
"tt1595680",15
"tt0120601",6
"tt0120601",9
"tt0120601",11
"tt0078841",6
"tt0078841",9
"tt0247199",9
"tt0120603",9
"tt0120603",14
"tt0120603",15
"tt0889169",24
"tt1412386",6
"tt1412386",9
"tt0094737",6
"tt0094737",9
"tt0094737",11
"tt0095250",1
"tt0095250",3
"tt0095250",9
"tt0319061",3
"tt0319061",9
"tt0319061",11
"tt0118715",6
"tt0118715",7
"tt0402850",6
"tt0402850",7
"tt0402850",9
"tt0056869",15
"tt0188453",6
"tt0188453",7
"tt0188453",26
"tt0387877",7
"tt0387877",9
"tt0387877",18
"tt0096933",1
"tt0096933",7
"tt0096933",26
"tt0462200",9
"tt0462200",16
"tt0947798",9
"tt0947798",26
"tt0120611",1
"tt0120611",15
"tt0187738",1
"tt0187738",15
"tt0187738",23
"tt0083658",23
"tt0083658",26
"tt0359013",1
"tt0359013",3
"tt0359013",11
"tt0878804",5
"tt0878804",9
"tt0878804",25
"tt2132285",5
"tt2132285",7
"tt2132285",9
"tt0115710",7
"tt0115710",9
"tt0115710",26
"tt4226410",24
"tt4226410",9
"tt0221027",5
"tt0221027",7
"tt0221027",9
"tt1120985",9
"tt1120985",22
"tt0090756",7
"tt0090756",9
"tt0090756",18
"tt0080455",1
"tt0080455",6
"tt0080455",7
"tt0106447",9
"tt0082089",7
"tt0082089",9
"tt0082089",26
"tt0106453",9
"tt0106453",22
"tt0106453",26
"tt1729637",22
"tt0460627",6
"tt0460627",7
"tt0460627",9
"tt0099165",6
"tt0099165",9
"tt0061418",5
"tt0061418",7
"tt0061418",9
"tt0118749",9
"tt1037705",1
"tt1037705",3
"tt1037705",9
"tt0144117",1
"tt0144117",7
"tt0144117",26
"tt0115734",6
"tt0115734",7
"tt0115734",9
"tt0115736",7
"tt0115736",9
"tt0115736",22
"tt1038919",1
"tt1038919",6
"tt1038919",22
"tt0258463",1
"tt0258463",18
"tt0258463",26
"tt0372183",1
"tt0372183",26
"tt0440963",1
"tt0440963",26
"tt0362478",9
"tt0362478",18
"tt0362478",23
"tt0112573",5
"tt0112573",9
"tt0112573",14
"tt0088846",9
"tt0088846",23
"tt1157601",1
"tt1157601",7
"tt1157601",9
"tt0118771",1
"tt0118771",7
"tt0118771",9
"tt0088847",6
"tt0088847",9
"tt0078902",6
"tt0078902",9
"tt0078902",25
"tt0393109",7
"tt0393109",9
"tt0393109",18
"tt1478338",6
"tt1478338",22
"tt0163988",9
"tt0163988",26
"tt0092699",6
"tt0092699",9
"tt0092699",22
"tt0115759",1
"tt0115759",3
"tt0115759",6
"tt0913425",9
"tt0913425",22
"tt0913425",26
"tt0844286",3
"tt0844286",6
"tt0844286",9
"tt0315327",6
"tt0315327",9
"tt0315327",11
"tt0118276",1
"tt0118276",9
"tt0118276",11
"tt0094812",6
"tt0094812",22
"tt0094812",25
"tt1462758",9
"tt1462758",18
"tt1462758",26
"tt1126591",9
"tt1126591",16
"tt1126591",22
"tt0887883",6
"tt0887883",7
"tt0887883",9
"tt0307879",6
"tt0307879",9
"tt0307879",22
"tt0289879",23
"tt0289879",26
"tt0115798",6
"tt0115798",9
"tt2387411",9
"tt0379725",5
"tt0379725",7
"tt0379725",9
"tt0074285",15
"tt1216475",4
"tt1216475",3
"tt1216475",6
"tt0034583",9
"tt0034583",22
"tt0034583",27
"tt0795351",15
"tt0795351",18
"tt0795351",26
"tt0112641",5
"tt0112641",7
"tt0112641",9
"tt0162222",3
"tt0162222",9
"tt0162222",22
"tt0264464",5
"tt0264464",7
"tt0264464",9
"tt0327554",1
"tt0173716",6
"tt0173716",7
"tt0173716",26
"tt1477837",6
"tt0199197",9
"tt0199197",18
"tt0199197",22
"tt0209958",15
"tt0209958",23
"tt0209958",26
"tt0337921",1
"tt0337921",7
"tt0337921",9
"tt1488555",6
"tt0824747",7
"tt0824747",9
"tt0824747",18
"tt0402910",1
"tt0402910",7
"tt0402910",9
"tt0056923",6
"tt0056923",18
"tt0056923",22
"tt0160127",1
"tt0160127",3
"tt0160127",6
"tt0118842",6
"tt0118842",9
"tt0118842",22
"tt0221069",15
"tt0221069",18
"tt0221069",26
"tt0175526",15
"tt0175526",18
"tt0175526",26
"tt0071315",9
"tt0071315",18
"tt0071315",26
"tt2416048",6
"tt2416048",11
"tt1706593",9
"tt1706593",23
"tt1706593",26
"tt0363771",3
"tt0363771",10
"tt0363771",11
"tt0124315",9
"tt0124315",22
"tt0059037",9
"tt0095765",9
"tt0450405",1
"tt0450405",3
"tt0450405",11
"tt0033467",9
"tt0033467",18
"tt0103976",9
"tt0800320",1
"tt0800320",3
"tt0800320",11
"tt0109445",6
"tt0106582",1
"tt0106582",3
"tt0106582",26
"tt0112697",6
"tt0112697",22
"tt0109450",5
"tt0109450",9
"tt0109450",25
"tt0088936",1
"tt0088936",7
"tt0088936",9
"tt0159365",9
"tt0159365",14
"tt0159365",22
"tt0369339",7
"tt0369339",9
"tt0369339",26
"tt0233469",1
"tt0233469",9
"tt0233469",26
"tt1657507",1
"tt1657507",7
"tt1657507",9
"tt0109456",9
"tt0109456",18
"tt0109456",22
"tt0088944",1
"tt0088944",3
"tt0088944",26
"tt0082198",3
"tt0082198",11
"tt0270288",5
"tt0270288",6
"tt0270288",7
"tt0310910",7
"tt0310910",26
"tt0360486",9
"tt0360486",11
"tt0360486",15
"tt0118884",9
"tt0118884",18
"tt0118884",23
"tt0318374",9
"tt0318374",22
"tt0112722",7
"tt0112722",9
"tt0112722",18
"tt0327597",4
"tt0327597",11
"tt1372686",9
"tt1372686",26
"tt1372686",27
"tt0115956",1
"tt0115956",9
"tt0115956",18
"tt2994904",6
"tt2994904",9
"tt2994904",28
"tt0306685",1
"tt0306685",7
"tt0306685",9
"tt0479884",1
"tt0479884",7
"tt0479884",26
"tt0375679",9
"tt1570728",6
"tt1570728",9
"tt1570728",22
"tt0416658",6
"tt0416658",9
"tt0416658",22
"tt0974014",5
"tt0974014",9
"tt0310924",1
"tt0310924",6
"tt0310924",7
"tt0481499",4
"tt0481499",3
"tt0481499",6
"tt0190332",1
"tt0190332",9
"tt0190332",22
"tt0159382",7
"tt0159382",9
"tt0132910",1
"tt0132910",7
"tt0132910",11
"tt0109506",1
"tt0109506",9
"tt0109506",11
"tt0115986",1
"tt0115986",11
"tt0115986",26
"tt0139134",9
"tt0139134",22
"tt0104036",7
"tt0104036",9
"tt0104036",22
"tt0123755",18
"tt0123755",23
"tt0123755",26
"tt0421715",9
"tt0421715",11
"tt0421715",22
"tt1038905",9
"tt1226271",5
"tt1226271",6
"tt1226271",9
"tt0099348",3
"tt0099348",9
"tt0099348",28
"tt0118929",9
"tt0118929",11
"tt0118929",23
"tt1345836",1
"tt1345836",26
"tt0468569",1
"tt0468569",7
"tt0468569",9
"tt0069945",6
"tt0069945",23
"tt0099365",1
"tt0099365",7
"tt0099365",11
"tt1279935",6
"tt1279935",7
"tt1279935",22
"tt0363547",1
"tt0363547",15
"tt0363547",23
"tt0088993",1
"tt0088993",15
"tt0068451",9
"tt0970416",9
"tt0970416",23
"tt0970416",26
"tt0077405",9
"tt0077405",22
"tt0097165",6
"tt0097165",9
"tt0795368",6
"tt0266452",6
"tt0266452",7
"tt0266452",9
"tt1226753",9
"tt1226753",26
"tt0800240",7
"tt0800240",9
"tt0800240",18
"tt0104073",1
"tt0104073",7
"tt0104073",26
"tt0118956",1
"tt0118956",3
"tt0118956",15
"tt0077416",9
"tt0077416",27
"tt1034303",1
"tt1034303",9
"tt1034303",14
"tt0407887",7
"tt0407887",9
"tt0407887",26
"tt1033575",6
"tt1033575",9
"tt1690953",4
"tt1690953",6
"tt1690953",10
"tt0165710",6
"tt0165710",16
"tt0112857",7
"tt0112857",9
"tt0112857",18
"tt0112858",9
"tt0112858",7
"tt0095016",1
"tt0095016",26
"tt0099423",1
"tt0099423",26
"tt0083833",6
"tt0083833",9
"tt0104114",6
"tt0104114",7
"tt0486822",9
"tt0486822",18
"tt0486822",26
"tt1853728",9
"tt1853728",28
"tt0097216",9
"tt0072890",7
"tt0072890",9
"tt0120655",3
"tt0120655",6
"tt0120655",11
"tt0119008",5
"tt0119008",7
"tt0119008",9
"tt0246578",9
"tt0246578",23
"tt0101761",5
"tt0101761",9
"tt0101761",16
"tt0036775",7
"tt0036775",9
"tt0036775",12
"tt1127180",15
"tt1127180",26
"tt0082288",1
"tt0082288",3
"tt0082288",11
"tt0780504",7
"tt0780504",9
"tt1502404",1
"tt1502404",6
"tt1502404",11
"tt0157503",6
"tt0023969",6
"tt0023969",17
"tt0111946",4
"tt0111946",6
"tt0111946",10
"tt0087182",1
"tt0087182",3
"tt0087182",23
"tt0083866",10
"tt0083866",23
"tt1059786",1
"tt1059786",18
"tt1059786",26
"tt0765443",7
"tt0765443",26
"tt1282140",6
"tt1282140",22
"tt2114373",24
"tt2114373",6
"tt0109707",5
"tt0109707",6
"tt0109707",9
"tt0099487",9
"tt0099487",11
"tt0099487",22
"tt0271367",1
"tt0271367",6
"tt0271367",15
"tt0104815",1
"tt0104815",7
"tt0104815",9
"tt0126886",6
"tt0126886",9
"tt0080678",5
"tt0080678",9
"tt0414055",5
"tt0414055",9
"tt0414055",14
"tt0120660",1
"tt0120660",7
"tt0120660",9
"tt0116209",9
"tt0116209",22
"tt0116209",27
"tt0278435",7
"tt0278435",9
"tt0278435",26
"tt0137494",1
"tt0137494",7
"tt0137494",22
"tt0238380",1
"tt0238380",9
"tt0238380",23
"tt0097289",6
"tt0097289",3
"tt0097289",11
"tt0195685",5
"tt0195685",9
"tt0116225",1
"tt0116225",3
"tt0116225",23
"tt0082340",1
"tt0082340",23
"tt0338013",9
"tt0338013",22
"tt0338013",23
"tt0106834",6
"tt0106834",9
"tt0106834",22
"tt0119081",15
"tt0119081",23
"tt1288558",15
"tt0082348",3
"tt0082348",9
"tt0082348",11
"tt0116253",1
"tt0116253",3
"tt0116253",26
"tt0120907",15
"tt0120907",23
"tt0120907",26
"tt1225822",6
"tt1225822",7
"tt1225822",22
"tt0120663",9
"tt0120663",18
"tt0120663",26
"tt0097322",9
"tt0097322",16
"tt0097322",22
"tt1663641",13
"tt1663641",21
"tt0977855",5
"tt0977855",9
"tt0977855",26
"tt0218967",6
"tt0218967",9
"tt0218967",11
"tt0120667",1
"tt0120667",3
"tt0120667",23
"tt1531905",19
"tt0116282",7
"tt0116282",9
"tt0116282",26
"tt0083929",6
"tt0083929",9
"tt0106873",6
"tt0106873",7
"tt0106873",26
"tt2582846",9
"tt2582846",22
"tt0120669",6
"tt0426459",1
"tt0426459",6
"tt0426459",15
"tt0091042",6
"tt0097351",9
"tt0097351",10
"tt0097351",11
"tt0119116",1
"tt0119116",3
"tt0119116",23
"tt0137523",9
"tt0964517",5
"tt0964517",9
"tt0964517",25
"tt0195714",15
"tt0195714",26
"tt0309593",15
"tt0309593",26
"tt0266543",4
"tt0266543",3
"tt0266543",6
"tt0065724",9
"tt0080745",1
"tt0080745",3
"tt0080745",23
"tt0089155",6
"tt0089155",7
"tt0089155",18
"tt1907668",9
"tt1907668",26
"tt0109813",6
"tt0109813",10
"tt0109813",11
"tt0109830",9
"tt0109830",22
"tt0005353",9
"tt0113101",6
"tt0113101",7
"tt1100089",5
"tt1100089",9
"tt1100089",25
"tt0488120",7
"tt0488120",9
"tt0488120",18
"tt0083967",5
"tt0083967",9
"tt0083967",22
"tt0021884",9
"tt0021884",15
"tt0021884",23
"tt0109838",6
"tt0109838",23
"tt0329101",15
"tt0329101",26
"tt0067116",1
"tt0067116",7
"tt0067116",9
"tt0186151",9
"tt0186151",11
"tt0186151",23
"tt0080761",15
"tt0080761",18
"tt0097388",15
"tt1438176",6
"tt1438176",15
"tt0116367",1
"tt0116367",7
"tt0116367",15
"tt0045793",9
"tt0045793",22
"tt0045793",27
"tt2294629",4
"tt2294629",3
"tt2294629",6
"tt0978759",7
"tt0978759",9
"tt2334649",5
"tt2334649",9
"tt2334649",22
"tt0106977",1
"tt0106977",3
"tt0106977",7
"tt0093058",9
"tt0093058",27
"tt1201167",6
"tt1201167",9
"tt2713180",1
"tt2713180",9
"tt2713180",27
"tt0119173",1
"tt0119173",9
"tt1046173",1
"tt1046173",3
"tt1046173",23
"tt0425055",6
"tt0425055",9
"tt0425055",25
"tt0119174",9
"tt0119174",18
"tt0119174",26
"tt1034032",1
"tt1034032",23
"tt1034032",26
"tt0083987",5
"tt0083987",9
"tt0083987",14
"tt0118900",1
"tt0118900",7
"tt0118900",9
"tt0217505",7
"tt0217505",9
"tt0217505",14
"tt0333766",6
"tt0333766",9
"tt0333766",22
"tt0119177",9
"tt0119177",23
"tt0119177",26
"tt0208988",1
"tt0208988",7
"tt0208988",9
"tt1194263",9
"tt1194263",18
"tt0113161",6
"tt0113161",7
"tt0113161",26
"tt0068638",1
"tt0068638",7
"tt0068638",26
"tt0099653",9
"tt0099653",11
"tt0099653",22
"tt0116409",1
"tt0116409",3
"tt0116409",9
"tt0259324",1
"tt0259324",11
"tt0259324",26
"tt0288477",15
"tt0288477",18
"tt0162346",6
"tt0162346",9
"tt0121318",3
"tt0121318",6
"tt0121318",11
"tt4083432",24
"tt0210070",9
"tt0210070",11
"tt0210070",15
"tt1568346",7
"tt1568346",9
"tt1568346",18
"tt0172495",1
"tt0172495",9
"tt0139239",6
"tt0139239",7
"tt0353496",6
"tt0353496",9
"tt0353496",22
"tt0071562",7
"tt0071562",9
"tt0099674",7
"tt0099674",9
"tt0120684",5
"tt0120684",9
"tt0831387",1
"tt0831387",3
"tt0831387",23
"tt0071571",1
"tt0071571",7
"tt0071571",9
"tt0279113",6
"tt0279113",9
"tt0279113",22
"tt0119217",9
"tt0099685",5
"tt0099685",7
"tt0099685",9
"tt0348836",15
"tt0348836",26
"tt0061722",6
"tt0061722",9
"tt0061722",22
"tt1205489",9
"tt0022958",9
"tt0022958",22
"tt0338075",3
"tt0338075",6
"tt0338075",9
"tt0032551",9
"tt1454468",23
"tt1454468",26
"tt0120689",7
"tt0120689",9
"tt0120689",11
"tt0087363",6
"tt0087363",15
"tt0099700",6
"tt0099700",15
"tt0099703",7
"tt0099703",9
"tt0099703",26
"tt0107048",6
"tt0107048",11
"tt0107048",22
"tt0391198",15
"tt0391198",18
"tt0391198",26
"tt0113243",6
"tt0113243",7
"tt0113243",9
"tt0480687",6
"tt0480687",22
"tt0113253",15
"tt0113253",26
"tt0448157",1
"tt0448157",11
"tt1119646",6
"tt0993842",1
"tt0993842",3
"tt0993842",26
"tt0091167",6
"tt0091167",9
"tt0212985",7
"tt0212985",9
"tt0212985",26
"tt0067180",6
"tt0067180",9
"tt0366548",4
"tt0366548",6
"tt0366548",10
"tt0120696",1
"tt0120696",7
"tt0120696",9
"tt0099739",1
"tt0099739",9
"tt0099739",7
"tt0295297",3
"tt0295297",10
"tt0295297",11
"tt0926084",3
"tt0926084",10
"tt0926084",11
"tt0330373",3
"tt0330373",10
"tt0330373",11
"tt0417741",3
"tt0417741",10
"tt0417741",11
"tt0304141",3
"tt0304141",10
"tt0304141",11
"tt0241527",3
"tt0241527",10
"tt0241527",11
"tt0171363",11
"tt0171363",15
"tt0171363",18
"tt1001508",6
"tt1001508",9
"tt1001508",22
"tt0113277",1
"tt0113277",7
"tt0113277",9
"tt0097493",6
"tt0097493",7
"tt0097493",9
"tt0110005",5
"tt0110005",7
"tt0110005",9
"tt0082509",4
"tt0082509",3
"tt0082509",11
"tt0317640",6
"tt0252503",1
"tt0252503",7
"tt0252503",9
"tt0095294",15
"tt0095294",26
"tt0167190",1
"tt0167190",11
"tt0167190",15
"tt0093177",15
"tt0337636",15
"tt0337636",18
"tt0337636",26
"tt0274546",15
"tt0274546",18
"tt0274546",26
"tt1454029",9
"tt0122529",6
"tt0122529",9
"tt1220888",6
"tt1220888",7
"tt1220888",9
"tt1403177",9
"tt0146882",6
"tt0146882",9
"tt0146882",16
"tt0091203",1
"tt0091203",3
"tt0091203",11
"tt0144964",1
"tt0144964",3
"tt0144964",11
"tt0454841",15
"tt0454841",26
"tt0032599",6
"tt0032599",9
"tt0032599",22
"tt0975645",5
"tt0975645",9
"tt0371724",3
"tt0371724",6
"tt0371724",23
"tt0164052",23
"tt0164052",26
"tt0829193",7
"tt0829193",9
"tt0829193",14
"tt1499658",6
"tt1499658",7
"tt0119314",9
"tt0119314",22
"tt0119314",28
"tt0067217",6
"tt0067217",9
"tt0067217",18
"tt0340163",1
"tt0340163",7
"tt0340163",9
"tt1231587",6
"tt1231587",23
"tt0395169",9
"tt0395169",14
"tt0395169",27
"tt0251736",15
"tt0455538",6
"tt0455538",9
"tt0455538",22
"tt0892769",4
"tt0892769",3
"tt0892769",10
"tt1646971",4
"tt1646971",1
"tt1646971",3
"tt0102070",1
"tt0102070",3
"tt0102070",6
"tt0110074",6
"tt0110074",11
"tt0219822",6
"tt0219822",9
"tt0099810",1
"tt0099810",3
"tt0099810",26
"tt1464540",1
"tt1464540",3
"tt1464540",23
"tt0277027",9
"tt1045772",5
"tt1045772",6
"tt1045772",7
"tt1242432",7
"tt1242432",15
"tt1242432",26
"tt0130018",15
"tt0130018",18
"tt0130018",26
"tt0110097",6
"tt0110097",9
"tt0343818",1
"tt0343818",18
"tt0343818",23
"tt0119349",9
"tt1124035",9
"tt1054606",3
"tt1054606",11
"tt1054606",18
"tt0247425",7
"tt0247425",9
"tt1226774",6
"tt1375666",1
"tt1375666",18
"tt1375666",23
"tt0317705",4
"tt0317705",1
"tt0317705",3
"tt0116629",1
"tt0116629",3
"tt0116629",23
"tt0097576",1
"tt0097576",3
"tt0087469",1
"tt0087469",3
"tt2121304",7
"tt2121304",26
"tt0361748",3
"tt0361748",9
"tt0361748",27
"tt0093260",1
"tt0093260",3
"tt0093260",6
"tt0140352",5
"tt0140352",9
"tt0140352",26
"tt1591095",9
"tt1591095",15
"tt1591095",18
"tt0278504",9
"tt0278504",18
"tt0278504",26
"tt0816692",3
"tt0816692",9
"tt0816692",23
"tt0110148",9
"tt0110148",11
"tt0110148",15
"tt0758758",3
"tt0758758",5
"tt0758758",9
"tt0138524",6
"tt0138524",7
"tt0138524",22
"tt0119381",9
"tt0119381",22
"tt1058017",6
"tt1058017",11
"tt1057500",5
"tt1057500",9
"tt1057500",14
"tt1007029",5
"tt1007029",9
"tt1007029",14
"tt0399201",1
"tt0399201",3
"tt0399201",23
"tt0025316",6
"tt0025316",22
"tt0038650",9
"tt0038650",10
"tt0038650",11
"tt1230414",6
"tt1230414",22
"tt0317740",1
"tt0317740",7
"tt0317740",26
"tt0366627",9
"tt0366627",15
"tt0366627",18
"tt0119396",7
"tt0119396",9
"tt0119396",26
"tt0099871",9
"tt0099871",15
"tt0099871",18
"tt0113451",7
"tt0113451",9
"tt0113451",26
"tt1229822",9
"tt1229822",22
"tt0211443",15
"tt0211443",23
"tt0211443",26
"tt0073195",3
"tt0073195",26
"tt0077766",15
"tt0077766",26
"tt0261392",6
"tt1131734",6
"tt1131734",15
"tt0116695",6
"tt0116695",9
"tt0116695",22
"tt0102138",9
"tt0102138",14
"tt0102138",26
"tt0425151",7
"tt0425151",9
"tt0425151",26
"tt0251160",7
"tt0251160",9
"tt0251160",26
"tt0113492",1
"tt0113492",7
"tt0113492",23
"tt0467406",6
"tt0467406",9
"tt0467406",22
"tt0107290",3
"tt0107290",23
"tt0107290",26
"tt0163025",1
"tt0163025",3
"tt0163025",23
"tt0369690",23
"tt0369690",24
"tt0369690",8
"tt0102181",6
"tt0102181",9
"tt0102181",18
"tt0107302",7
"tt0107302",26
"tt0035423",6
"tt0035423",11
"tt0035423",22
"tt0113540",9
"tt0842926",6
"tt0842926",9
"tt0110265",7
"tt0110265",9
"tt0110265",26
"tt0360717",1
"tt0360717",3
"tt0360717",9
"tt0085794",6
"tt0085794",9
"tt1504320",5
"tt1504320",9
"tt1504320",14
"tt0431197",1
"tt0431197",9
"tt0431197",26
"tt0089424",9
"tt0089424",22
"tt0067309",7
"tt0067309",18
"tt0067309",26
"tt0478311",6
"tt0478311",9
"tt0478311",22
"tt0079417",9
"tt0119485",5
"tt0119485",9
"tt0119485",14
"tt0441773",4
"tt0441773",1
"tt0441773",3
"tt0119488",7
"tt0119488",9
"tt0119488",18
"tt0159519",19
"tt0091369",3
"tt0091369",10
"tt0091369",11
"tt0335245",6
"tt0335245",7
"tt0335245",26
"tt0139414",6
"tt0139414",15
"tt0139414",23
"tt0418819",15
"tt1583420",6
"tt1583420",9
"tt1583420",22
"tt0102266",1
"tt0102266",6
"tt0102266",7
"tt1046947",9
"tt1046947",22
"tt0022054",9
"tt0104691",1
"tt0104691",3
"tt0104691",9
"tt0325710",1
"tt0325710",9
"tt0325710",14
"tt0824758",5
"tt0824758",9
"tt0824758",22
"tt0070849",9
"tt0070849",22
"tt1197624",7
"tt1197624",9
"tt1197624",26
"tt0113627",9
"tt0113627",22
"tt0250494",6
"tt0250494",22
"tt0089469",3
"tt0089469",11
"tt0089469",22
"tt1038686",1
"tt1038686",11
"tt1038686",15
"tt0077936",9
"tt0077936",14
"tt0093409",1
"tt0093409",7
"tt0093409",26
"tt0122151",1
"tt0122151",7
"tt0122151",26
"tt2802154",9
"tt0119528",6
"tt0119528",11
"tt0123964",6
"tt0123964",7
"tt0123964",9
"tt0264796",9
"tt0289992",7
"tt0289992",9
"tt0289992",26
"tt0454876",3
"tt0454876",9
"tt0454876",11
"tt0102307",7
"tt0102307",9
"tt0165854",7
"tt0165854",9
"tt0165854",18
"tt1219289",18
"tt1219289",23
"tt1219289",26
"tt0443272",5
"tt0443272",9
"tt0443272",14
"tt1189340",7
"tt1189340",9
"tt1189340",26
"tt0110357",4
"tt0110357",3
"tt0110357",9
"tt0417907",6
"tt0417907",7
"tt0417907",9
"tt0097757",4
"tt0097757",10
"tt0097757",11
"tt0185431",6
"tt0185431",11
"tt0113677",6
"tt0113677",9
"tt0120735",6
"tt0120735",7
"tt0074812",1
"tt0074812",3
"tt0074812",23
"tt0116905",9
"tt0116905",18
"tt0116908",1
"tt0116908",7
"tt0116908",9
"tt1276104",1
"tt1276104",7
"tt1276104",23
"tt0113690",15
"tt0113690",18
"tt0113690",26
"tt0405185",8
"tt0167261",3
"tt0167261",9
"tt0167261",11
"tt0399295",7
"tt0399295",9
"tt0399295",26
"tt0480255",1
"tt0480255",7
"tt0480255",9
"tt0116922",9
"tt0116922",18
"tt0116922",26
"tt0029162",3
"tt0029162",9
"tt0029162",11
"tt0120738",1
"tt0120738",3
"tt0120738",10
"tt0335266",9
"tt0985694",1
"tt0985694",7
"tt0985694",26
"tt1586752",1
"tt1586752",5
"tt1586752",7
"tt0082694",1
"tt0082694",3
"tt0082694",23
"tt0227005",6
"tt0227005",7
"tt0227005",9
"tt0175880",9
"tt0097815",6
"tt0097815",25
"tt0104797",5
"tt0104797",9
"tt0104797",22
"tt0328099",6
"tt0328099",7
"tt0120744",1
"tt0120744",3
"tt0328107",1
"tt0328107",7
"tt0328107",9
"tt0125664",5
"tt0125664",6
"tt0125664",9
"tt0104804",6
"tt0104804",22
"tt0049470",26
"tt0243133",7
"tt0243133",9
"tt0368008",9
"tt0368008",18
"tt0368008",23
"tt0107507",6
"tt0107507",18
"tt0091474",7
"tt0091474",18
"tt0091474",26
"tt0466893",9
"tt1615147",9
"tt1615147",26
"tt0757361",6
"tt0757361",9
"tt4178116",24
"tt4178116",6
"tt1183919",8
"tt1183919",5
"tt1183919",16
"tt1441326",9
"tt1441326",26
"tt0048356",9
"tt0048356",22
"tt0058331",6
"tt0058331",10
"tt0058331",11
"tt0110475",6
"tt0110475",11
"tt0311113",1
"tt0311113",3
"tt0311113",9
"tt1560747",9
"tt0325805",6
"tt0325805",7
"tt0325805",9
"tt0234215",1
"tt0234215",23
"tt0133093",1
"tt0133093",23
"tt0467197",1
"tt0467197",7
"tt0467197",9
"tt0070379",7
"tt0070379",9
"tt0472399",1
"tt0472399",7
"tt0472399",26
"tt0119643",9
"tt0119643",11
"tt0119643",22
"tt0033891",6
"tt0033891",9
"tt0033891",22
"tt1001526",4
"tt1001526",1
"tt1001526",6
"tt0209144",18
"tt0209144",26
"tt0119654",6
"tt0119654",23
"tt1409024",1
"tt1409024",6
"tt1409024",23
"tt1234548",6
"tt1234548",27
"tt0119664",1
"tt0119664",6
"tt0119664",7
"tt0430357",1
"tt0430357",7
"tt0430357",26
"tt0064665",9
"tt0077928",5
"tt0077928",7
"tt0077928",9
"tt1605783",6
"tt1605783",11
"tt1605783",22
"tt0113820",1
"tt0113820",3
"tt0113820",10
"tt1013753",5
"tt1013753",9
"tt1013753",14
"tt0100150",7
"tt0100150",9
"tt0100150",26
"tt0119675",15
"tt0119675",23
"tt0425253",6
"tt0425253",7
"tt0425253",9
"tt0181689",1
"tt0181689",18
"tt0181689",23
"tt0056241",5
"tt0056241",9
"tt0790686",15
"tt0790686",18
"tt0100157",26
"tt2476894",24
"tt2476894",1
"tt0120755",1
"tt0120755",3
"tt0120755",26
"tt0183523",3
"tt0183523",9
"tt0183523",23
"tt1210166",5
"tt1210166",9
"tt1210166",25
"tt0166276",4
"tt0166276",6
"tt0166276",11
"tt0285742",9
"tt0285742",22
"tt1067774",3
"tt1067774",6
"tt1067774",22
"tt1182345",9
"tt1182345",23
"tt1748122",3
"tt1748122",6
"tt1748122",9
"tt0093565",6
"tt0093565",9
"tt0093565",22
"tt0040613",6
"tt0040613",22
"tt1713543",15
"tt0027996",6
"tt0027996",9
"tt0027996",22
"tt0113862",9
"tt0113862",16
"tt0063325",6
"tt0063325",17
"tt1935179",9
"tt0120762",4
"tt0120762",3
"tt0120762",10
"tt0166924",9
"tt0166924",18
"tt0166924",26
"tt0140397",6
"tt0140397",9
"tt0120616",1
"tt0120616",3
"tt0120616",11
"tt0166943",9
"tt0166943",16
"tt0110604",15
"tt0110604",26
"tt0119738",6
"tt0119738",22
"tt0102492",6
"tt0102492",9
"tt0102492",10
"tt0177023",24
"tt1655420",5
"tt1655420",9
"tt0132347",1
"tt0132347",6
"tt0132347",11
"tt0374900",6
"tt0073440",6
"tt0073440",9
"tt0073440",16
"tt0110632",7
"tt0110632",9
"tt0151738",6
"tt0151738",9
"tt0151738",22
"tt0088323",3
"tt0088323",9
"tt0088323",10
"tt0363282",6
"tt0104990",9
"tt0104990",17
"tt0435705",1
"tt0435705",23
"tt0435705",26
"tt0195945",6
"tt1458175",7
"tt1458175",9
"tt1458175",22
"tt0113972",1
"tt0113972",7
"tt0113972",9
"tt0100260",1
"tt0100260",7
"tt0100260",9
"tt0107688",4
"tt0107688",10
"tt0107688",11
"tt0875034",9
"tt0875034",17
"tt0875034",22
"tt0810988",9
"tt0810988",11
"tt0810988",18
"tt1186367",1
"tt1186367",7
"tt1186367",26
"tt0031725",6
"tt0031725",22
"tt0142688",18
"tt0142688",26
"tt1411238",6
"tt1411238",22
"tt0125439",6
"tt0125439",9
"tt0125439",22
"tt0171580",6
"tt0171580",7
"tt0171580",9
"tt0190590",6
"tt0190590",7
"tt0190590",16
"tt1483013",1
"tt1483013",3
"tt1483013",18
"tt1197628",6
"tt1197628",7
"tt1197628",9
"tt1198138",9
"tt1198138",26
"tt0240772",7
"tt0240772",26
"tt0349903",7
"tt0349903",26
"tt0151804",6
"tt0067525",1
"tt0067525",23
"tt0073486",9
"tt1602613",7
"tt1602613",9
"tt0081283",9
"tt0054240",11
"tt0054240",15
"tt1148204",15
"tt1148204",18
"tt1148204",26
"tt0467200",5
"tt0467200",9
"tt0467200",14
"tt0120780",7
"tt0120780",9
"tt0120780",22
"tt0114069",1
"tt0114069",9
"tt0114069",26
"tt0395699",1
"tt0395699",6
"tt0395699",9
"tt1188729",1
"tt1188729",15
"tt1188729",18
"tt0258000",26
"tt2006810",6
"tt2006810",9
"tt1623288",4
"tt1623288",3
"tt1623288",6
"tt1233334",9
"tt0019254",5
"tt0019254",9
"tt0019254",14
"tt0187393",1
"tt0187393",9
"tt0187393",14
"tt1092026",3
"tt1092026",6
"tt1092026",23
"tt0213149",1
"tt0213149",9
"tt0213149",22
"tt0054167",9
"tt0054167",15
"tt0054167",26
"tt0091738",6
"tt0091738",9
"tt0091738",11
"tt0403407",1
"tt0403407",9
"tt0403407",11
"tt1659337",9
"tt1659337",22
"tt0098084",15
"tt0105128",1
"tt0105128",15
"tt0105128",26
"tt0063426",9
"tt0063426",22
"tt0107818",9
"tt0183649",26
"tt0138704",9
"tt0138704",26
"tt0253474",5
"tt0253474",9
"tt0253474",27
"tt0107822",9
"tt0107822",16
"tt0107822",22
"tt0910936",1
"tt0910936",6
"tt0910936",7
"tt0368925",3
"tt0368925",11
"tt0368925",15
"tt0383574",1
"tt0383574",3
"tt0383574",11
"tt0134847",1
"tt0134847",15
"tt0134847",23
"tt1318514",1
"tt1318514",9
"tt1318514",23
"tt0022268",6
"tt0022268",22
"tt0091763",9
"tt0091763",27
"tt0120789",6
"tt0120789",9
"tt0120789",11
"tt0102685",1
"tt0102685",7
"tt0102685",26
"tt0304564",4
"tt0304564",1
"tt0304564",3
"tt0119925",1
"tt0119925",3
"tt0119925",9
"tt0105159",9
"tt0929632",9
"tt0093773",1
"tt0093773",15
"tt0093773",23
"tt0100405",6
"tt0100405",22
"tt0112130",9
"tt0112130",22
"tt0822847",1
"tt0822847",11
"tt0822847",15
"tt0093779",3
"tt0093779",6
"tt0093779",10
"tt0066249",3
"tt0066249",6
"tt0066249",7
"tt1046903",8
"tt1046903",24
"tt0107889",1
"tt0107889",9
"tt0107889",25
"tt0926129",15
"tt0926129",18
"tt1446714",3
"tt1446714",18
"tt1446714",23
"tt0114194",1
"tt0114194",11
"tt0114194",15
"tt1041829",6
"tt1041829",9
"tt1041829",22
"tt0054215",15
"tt0054215",18
"tt0054215",26
"tt1152836",5
"tt1152836",7
"tt1152836",9
"tt0110912",7
"tt0110912",9
"tt0272338",6
"tt0272338",9
"tt0272338",22
"tt0087957",9
"tt0087957",16
"tt0087957",17
"tt0239860",24
"tt0239860",3
"tt0239860",9
"tt0238546",9
"tt0238546",11
"tt0238546",15
"tt0436697",5
"tt0436697",9
"tt1084950",9
"tt1084950",22
"tt0081398",5
"tt0081398",9
"tt0081398",25
"tt0093822",6
"tt0093822",7
"tt0093822",9
"tt0102753",9
"tt0976051",9
"tt0976051",22
"tt0089886",6
"tt0089886",22
"tt0089886",23
"tt0047396",18
"tt0047396",26
"tt0048545",9
"tt0199753",1
"tt0199753",23
"tt0199753",26
"tt1486185",11
"tt1486185",15
"tt1486185",18
"tt0184858",1
"tt0184858",7
"tt0184858",9
"tt0120004",15
"tt0120004",18
"tt0120004",23
"tt1403981",9
"tt1403981",22
"tt0191397",6
"tt0191397",25
"tt0087995",6
"tt0087995",7
"tt0087995",23
"tt0100477",4
"tt0100477",3
"tt0100477",7
"tt0105236",7
"tt0105236",26
"tt0120804",1
"tt0120804",11
"tt0120804",15
"tt1663202",3
"tt1663202",9
"tt1663202",26
"tt0959337",9
"tt0959337",22
"tt0235133",15
"tt1446192",4
"tt1446192",3
"tt1446192",10
"tt0120801",5
"tt0120801",9
"tt0898367",3
"tt0898367",9
"tt0102798",1
"tt0102798",3
"tt0102798",9
"tt1234721",1
"tt1234721",23
"tt1234721",26
"tt0117500",1
"tt0117500",3
"tt0117500",26
"tt1032755",1
"tt1032755",7
"tt1032755",26
"tt0075148",9
"tt0075148",25
"tt0073629",6
"tt0073629",17
"tt0100511",9
"tt0122690",1
"tt0122690",3
"tt0122690",7
"tt1265990",9
"tt1265990",15
"tt1265990",26
"tt0041827",1
"tt0041827",3
"tt0041827",9
"tt0963794",15
"tt0963794",26
"tt0163187",6
"tt0163187",22
"tt1979320",1
"tt1979320",5
"tt1979320",9
"tt0120812",1
"tt0120812",6
"tt0120812",7
"tt0266915",1
"tt0266915",6
"tt0266915",7
"tt0128445",6
"tt0128445",9
"tt2053425",9
"tt2053425",22
"tt1231277",18
"tt1231277",23
"tt1231277",26
"tt0120053",1
"tt0120053",3
"tt0120053",22
"tt0235737",7
"tt0235737",9
"tt0235737",18
"tt0206275",9
"tt0206275",16
"tt0206275",22
"tt2140373",5
"tt2140373",6
"tt2140373",9
"tt0120815",1
"tt0120815",9
"tt0120815",27
"tt0387564",15
"tt0387564",18
"tt0086250",7
"tt0086250",9
"tt0257106",6
"tt0257106",15
"tt0108052",5
"tt0108052",9
"tt0108052",14
"tt0446029",1
"tt0446029",6
"tt0446029",11
"tt0117571",15
"tt0117571",18
"tt0120082",15
"tt0120082",18
"tt0134084",15
"tt0134084",18
"tt0114369",7
"tt0114369",9
"tt0114369",18
"tt0049730",3
"tt0049730",9
"tt0049730",28
"tt0839980",6
"tt0839980",25
"tt0114388",9
"tt0114388",22
"tt0379786",1
"tt0379786",3
"tt0379786",23
"tt0111127",6
"tt0111127",7
"tt0111127",26
"tt1866249",5
"tt1866249",6
"tt1866249",9
"tt0050976",9
"tt0050976",11
"tt1000774",6
"tt1000774",9
"tt1000774",22
"tt0098724",9
"tt0376874",6
"tt0376874",9
"tt0189998",9
"tt0189998",15
"tt0138097",6
"tt0138097",9
"tt0138097",22
"tt0111149",7
"tt0111149",26
"tt1723811",9
"tt0073692",6
"tt0073692",9
"tt0111161",7
"tt0111161",9
"tt0815236",6
"tt0815236",22
"tt0988045",1
"tt0988045",3
"tt0988045",7
"tt1104126",26
"tt0081505",9
"tt0081505",15
"tt0120824",9
"tt0073705",15
"tt0073705",23
"tt0126029",4
"tt0126029",3
"tt0126029",6
"tt0413267",4
"tt0413267",3
"tt0413267",6
"tt0375063",6
"tt0375063",9
"tt0375063",22
"tt0133952",1
"tt0133952",26
"tt0286106",9
"tt0286106",23
"tt0286106",26
"tt2665218",8
"tt0090021",15
"tt1045658",6
"tt1045658",9
"tt1045658",22
"tt2916440",5
"tt2916440",9
"tt0105414",9
"tt0105414",26
"tt0105417",6
"tt0105417",16
"tt0105417",17
"tt0108149",6
"tt0108149",9
"tt0108149",18
"tt0167404",9
"tt0167404",18
"tt0167404",26
"tt0108160",6
"tt0108160",9
"tt0108160",22
"tt0162661",9
"tt0162661",15
"tt0162661",18
"tt0117666",9
"tt0439815",6
"tt0439815",15
"tt0439815",23
"tt1010048",9
"tt1010048",22
"tt2063781",9
"tt0475394",1
"tt0475394",7
"tt0475394",9
"tt0920840",2
"tt0105435",6
"tt0105435",7
"tt0105435",9
"tt0120834",9
"tt0120834",18
"tt0120834",22
"tt1735898",1
"tt1735898",3
"tt1735898",9
"tt0108174",6
"tt0108174",7
"tt0108174",22
"tt1285016",5
"tt1285016",9
"tt0307479",9
"tt0307479",18
"tt0307479",22
"tt0120157",1
"tt0120157",9
"tt0120157",23
"tt0094008",7
"tt0094008",9
"tt0094008",22
"tt0337741",6
"tt0337741",9
"tt0337741",22
"tt0945513",18
"tt0945513",23
"tt0945513",26
"tt0121955",4
"tt0121955",6
"tt0371246",6
"tt0371246",9
"tt0371246",22
"tt0108200",26
"tt0360009",1
"tt0360009",7
"tt0360009",9
"tt0111257",1
"tt0111257",7
"tt0111257",26
"tt0811080",1
"tt0811080",10
"tt0811080",25
"tt0120184",9
"tt0120184",18
"tt0120184",23
"tt0145487",1
"tt0145487",3
"tt0090060",9
"tt0090060",22
"tt0796366",1
"tt0796366",3
"tt0796366",23
"tt0084726",1
"tt0084726",3
"tt0084726",9
"tt0117731",1
"tt0117731",3
"tt0117731",23
"tt0111280",1
"tt0111280",3
"tt0111280",18
"tt0253754",1
"tt0253754",3
"tt0253754",23
"tt0079945",3
"tt0079945",18
"tt0079945",23
"tt2323212",8
"tt2323212",24
"tt0185712",4
"tt0185712",1
"tt0185712",3
"tt0251071",1
"tt0251071",23
"tt2488496",1
"tt2488496",3
"tt2488496",11
"tt0088172",3
"tt0088172",9
"tt0088172",22
"tt0120201",1
"tt0120201",23
"tt0120201",27
"tt0120202",6
"tt0120202",9
"tt0040835",1
"tt0040835",18
"tt0040835",22
"tt0120686",6
"tt0120686",9
"tt0070735",6
"tt0070735",7
"tt0070735",9
"tt0164181",15
"tt0164181",18
"tt0164181",26
"tt0250081",6
"tt0250081",9
"tt0250081",22
"tt0114558",1
"tt0114558",7
"tt0114558",9
"tt0044079",7
"tt0044079",12
"tt0044079",26
"tt1933544",1
"tt0990413",9
"tt0990413",25
"tt0363379",6
"tt0363379",9
"tt0363379",10
"tt0043014",9
"tt0043014",12
"tt0862846",6
"tt0862846",9
"tt1650062",1
"tt1650062",18
"tt1650062",23
"tt0829482",6
"tt0114582",1
"tt0114582",7
"tt0114582",9
"tt4016454",1
"tt4016454",3
"tt4016454",23
"tt0418206",6
"tt0986263",1
"tt0986263",23
"tt0986263",26
"tt0324127",7
"tt0324127",26
"tt0408236",9
"tt0408236",15
"tt0408236",17
"tt0120255",9
"tt0051036",9
"tt0051036",12
"tt0117802",6
"tt0117802",9
"tt0244244",1
"tt0244244",7
"tt0244244",26
"tt0383028",6
"tt0383028",9
"tt0365737",9
"tt0365737",26
"tt1675192",9
"tt1675192",26
"tt0364045",7
"tt0364045",18
"tt0364045",26
"tt0072251",1
"tt0072251",7
"tt0072251",26
"tt0260414",9
"tt0260414",16
"tt0260414",27
"tt0134119",7
"tt0134119",9
"tt0134119",26
"tt0037343",18
"tt0037343",28
"tt0037343",22
"tt1486190",6
"tt1486190",9
"tt1486190",22
"tt0075314",7
"tt0075314",9
"tt1637725",6
"tt1637725",11
"tt1994570",24
"tt1994570",1
"tt5105250",19
"tt0438488",1
"tt0438488",23
"tt0144814",15
"tt0144814",23
"tt0144814",26
"tt0308977",9
"tt0129387",6
"tt0129387",22
"tt0283632",15
"tt0283632",18
"tt0283632",26
"tt0084787",15
"tt0084787",23
"tt2234521",24
"tt2234521",6
"tt2234521",22
"tt0146309",9
"tt0146309",14
"tt0146309",26
"tt0108330",5
"tt0108330",9
"tt1758830",6
"tt0800369",1
"tt0800369",3
"tt0800369",11
"tt0120188",1
"tt0120188",3
"tt0120188",6
"tt0224970",6
"tt1509767",1
"tt1509767",3
"tt1509767",22
"tt0167456",1
"tt0167456",3
"tt0167456",6
"tt0105585",7
"tt0105585",18
"tt0105585",26
"tt0196158",1
"tt0196158",7
"tt0196158",26
"tt0857295",15
"tt0857295",26
"tt0268695",23
"tt0268695",3
"tt0268695",1
"tt0117918",6
"tt0117918",9
"tt0117918",22
"tt0094155",6
"tt0094155",9
"tt1340800",9
"tt1340800",18
"tt1340800",26
"tt0120338",9
"tt0120338",22
"tt0453556",4
"tt0453556",1
"tt0453556",3
"tt0100791",9
"tt0108358",1
"tt0108358",9
"tt0108358",14
"tt0120347",1
"tt0120347",3
"tt0120347",26
"tt0092099",1
"tt0092099",9
"tt0092099",22
"tt0100802",1
"tt0100802",23
"tt1243957",1
"tt1243957",22
"tt1243957",26
"tt0114709",4
"tt0114709",3
"tt0114709",6
"tt0181865",7
"tt0181865",9
"tt0181865",26
"tt0139654",7
"tt0139654",9
"tt0139654",26
"tt0117951",9
"tt0092106",4
"tt0092106",1
"tt0092106",3
"tt0100814",6
"tt0100814",15
"tt0100814",23
"tt0089146",22
"tt0089146",3
"tt0084827",1
"tt0084827",3
"tt0084827",23
"tt1104001",1
"tt1104001",3
"tt1104001",11
"tt0942385",1
"tt0942385",6
"tt0332452",3
"tt1403865",3
"tt1403865",9
"tt1403865",28
"tt0111503",1
"tt0111503",6
"tt0111503",26
"tt0108399",7
"tt0108399",9
"tt0108399",22
"tt0120382",9
"tt1099212",9
"tt1099212",11
"tt1099212",22
"tt3696974",4
"tt3696974",24
"tt0098936",9
"tt0098936",18
"tt0098936",26
"tt0096320",6
"tt0417217",9
"tt0417217",25
"tt0417217",26
"tt0120399",7
"tt0120399",9
"tt0120399",26
"tt1142988",6
"tt1142988",22
"tt0217869",9
"tt0217869",18
"tt0217869",23
"tt0086510",9
"tt0086510",27
"tt0105695",28
"tt1401152",1
"tt1401152",18
"tt1401152",26
"tt1049413",4
"tt1049413",3
"tt1049413",6
"tt1193138",9
"tt1193138",22
"tt0114814",7
"tt0114814",9
"tt0114814",26
"tt0434409",1
"tt0434409",9
"tt0434409",26
"tt0817230",6
"tt0817230",22
"tt0985699",9
"tt0985699",26
"tt0985699",27
"tt0259711",11
"tt0259711",18
"tt0259711",22
"tt0084855",9
"tt0052357",18
"tt0052357",22
"tt0052357",26
"tt0124198",6
"tt0124198",7
"tt0124198",26
"tt0368447",9
"tt0368447",18
"tt0368447",22
"tt0114857",1
"tt0114857",7
"tt0114857",23
"tt0857191",9
"tt0120885",6
"tt0120885",9
"tt3921080",8
"tt3921080",24
"tt0351977",1
"tt0351977",7
"tt0094291",7
"tt0094291",9
"tt1027718",9
"tt0910970",4
"tt0910970",3
"tt0910970",10
"tt0493464",1
"tt0493464",7
"tt0493464",11
"tt1568911",9
"tt1568911",27
"tt0407304",3
"tt0407304",23
"tt0407304",26
"tt0423510",5
"tt0423510",9
"tt1291584",9
"tt1291584",25
"tt0409459",1
"tt0409459",18
"tt0409459",23
"tt1067583",9
"tt1067583",22
"tt1023114",3
"tt1023114",9
"tt1023114",14
"tt0498399",7
"tt0498399",9
"tt0498399",26
"tt0103241",6
"tt0161081",9
"tt0161081",15
"tt0161081",18
"tt0455857",15
"tt0455857",26
"tt0098635",6
"tt0098635",9
"tt0098635",22
"tt0887971",7
"tt0887971",9
"tt0887971",26
"tt0896872",1
"tt0896872",5
"tt0896872",7
"tt0047673",6
"tt0047673",17
"tt0047673",22
"tt0892384",7
"tt0892384",9
"tt0892384",18
"tt0892384",26
"tt1149362",9
"tt1149362",18
"tt0118158",3
"tt0118158",9
"tt0365929",1
"tt0365929",7
"tt0365929",18
"tt0096438",4
"tt0096438",6
"tt0096438",7
"tt5308402",6
"tt0100935",6
"tt0100935",7
"tt0100935",26
"tt0065214",1
"tt0065214",3
"tt0065214",28
"tt0486946",1
"tt0486946",3
"tt0486946",6
"tt0120890",7
"tt0120890",9
"tt0120890",18
"tt0448179",7
"tt0448179",9
"tt0448179",18
"tt0120891",1
"tt0120891",28
"tt0120891",6
"tt0096446",1
"tt0096446",3
"tt0096446",9
"tt1606392",6
"tt1606392",9
"tt1606392",25
"tt0486051",9
"tt0486051",15
"tt0486051",26
"tt0090329",7
"tt0090329",9
"tt0090329",22
"tt0032138",3
"tt0032138",10
"tt0032138",11
"tt0993846",5
"tt0993846",6
"tt0993846",7
"tt0185014",6
"tt0185014",9
"tt0361127",9
"tt0143145",1
"tt0143145",3
"tt0143145",26
"tt1125849",9
"tt1125849",25
"tt0365474",8
"tt0365474",23
"tt0365474",24
"tt0120903",1
"tt0120903",3
"tt0120903",23
"tt0458525",1
"tt0458525",3
"tt0458525",23
"tt0295701",1
"tt0295701",3
"tt1045778",3
"tt1045778",6
"tt1068680",6
"tt1068680",22
"tt0203230",9
"tt0128853",6
"tt0128853",9
"tt0128853",22
"tt0403702",6
"tt0403702",9
"tt0403702",22
"tt1790885",9
"tt1790885",14
"tt1790885",26
"tt0421090",6
"tt0421090",22
"tt1306980",6
"tt1306980",9
"tt5134866",18
"tt0053559",15
"tt2991516",15
"tt0450232",1
"tt0450232",7
"tt0450232",9
"tt0264323",6
"tt0264323",15
"tt0235153",8
"tt0235153",24
"tt0191754",6
"tt0191754",9
"tt0463854",15
"tt0463854",23
"tt0306427",19
"tt0381849",3
"tt0381849",7
"tt0381849",9
"tt0389722",15
"tt0389722",26
"tt0405422",6
"tt0405422",22
"tt0271894",8
"tt0271894",20
"tt4278246",9
"tt1678036",24
"tt1678036",9
"tt1678036",14
"tt1172038",24
"tt1091722",6
"tt1091722",9
"tt1091722",22
"tt0050105",9
"tt0050105",22
"tt0043265",3
"tt0043265",9
"tt0043265",22
"tt0435937",9
"tt0435937",15
"tt0435937",18
"tt0083530",6
"tt0375173",6
"tt0375173",9
"tt0375173",22
"tt1142966",3
"tt1142966",10
"tt1142966",11
"tt0404756",3
"tt0404756",23
"tt2017038",1
"tt2017038",3
"tt2017038",9
"tt0078754",9
"tt0078754",16
"tt0078754",17
"tt0101327",1
"tt0118604",6
"tt0118604",15
"tt0118604",22
"tt0205738",9
"tt0205738",6
"tt0205738",18
"tt0052561",7
"tt0052561",9
"tt0052561",18
"tt1313092",7
"tt1313092",9
"tt1313092",26
"tt0022628",6
"tt0022628",9
"tt1431181",6
"tt1431181",9
"tt0146838",9
"tt0146838",25
"tt1029261",4
"tt1029261",24
"tt1029261",23
"tt0913354",1
"tt0913354",7
"tt0913354",26
"tt0443680",5
"tt0443680",7
"tt0443680",9
"tt0348505",9
"tt0348505",22
"tt0348505",26
"tt0429493",1
"tt0429493",3
"tt0429493",6
"tt0052587",23
"tt0052587",26
"tt0783233",9
"tt0783233",18
"tt0783233",22
"tt0491747",9
"tt2768206",8
"tt1590808",6
"tt1590808",9
"tt1590808",22
"tt0303714",6
"tt0303714",9
"tt1423894",6
"tt1423894",9
"tt1672723",4
"tt1672723",1
"tt1672723",7
"tt0069768",1
"tt0069768",23
"tt0015648",9
"tt0015648",14
"tt0015648",27
"tt0407362",1
"tt0407362",3
"tt0407362",9
"tt0094715",6
"tt0094715",9
"tt0094715",16
"tt0294340",19
"tt0101414",4
"tt0101414",10
"tt0101414",11
"tt0388500",6
"tt0389790",4
"tt0389790",3
"tt0389790",6
"tt0115645",7
"tt0115645",9
"tt0115645",18
"tt2209418",9
"tt2209418",22
"tt0381681",9
"tt0381681",22
"tt0276816",15
"tt0276816",18
"tt0276816",26
"tt0065462",1
"tt0065462",3
"tt0065462",23
"tt0442933",4
"tt0442933",1
"tt0442933",3
"tt0083642",6
"tt0083642",17
"tt0092654",7
"tt0092654",9
"tt0092654",22
"tt0044419",9
"tt0044419",28
"tt0038355",7
"tt0038355",12
"tt0038355",18
"tt0090728",1
"tt0090728",3
"tt0090728",6
"tt1090505",4
"tt1090505",3
"tt1090505",6
"tt0818122",8
"tt0450259",3
"tt0450259",9
"tt0450259",26
"tt0309377",1
"tt0309377",7
"tt0309377",9
"tt0905319",15
"tt0118745",1
"tt0118745",26
"tt1561375",24
"tt1561375",6
"tt1561375",7
"tt2616880",4
"tt2616880",24
"tt0037549",15
"tt0037549",26
"tt0103855",1
"tt0103855",9
"tt0103855",16
"tt0181984",7
"tt0181984",9
"tt0181984",26
"tt1300851",1
"tt1300851",6
"tt1300851",7
"tt1781782",6
"tt1781782",22
"tt0476964",7
"tt0476964",9
"tt0476964",26
"tt0401997",5
"tt0401997",7
"tt0401997",9
"tt0112579",9
"tt0112579",22
"tt0101510",9
"tt0101510",26
"tt0388795",9
"tt0388795",22
"tt1210042",7
"tt1210042",9
"tt1210042",26
"tt0765010",9
"tt0765010",26
"tt0825232",3
"tt0825232",6
"tt0825232",9
"tt0149973",15
"tt0252963",9
"tt0252963",15
"tt0252963",18
"tt3175398",24
"tt3175398",6
"tt0068327",9
"tt0068327",17
"tt1259521",15
"tt1259521",18
"tt1259521",26
"tt0458522",5
"tt0458522",9
"tt0458522",16
"tt1535109",5
"tt1535109",9
"tt1535109",26
"tt1692486",6
"tt1692486",9
"tt0251005",15
"tt0381061",1
"tt0381061",3
"tt0381061",26
"tt0080516",15
"tt0021733",18
"tt0024969",18
"tt0023881",18
"tt1438254",9
"tt1438254",11
"tt1438254",22
"tt1315350",6
"tt1315350",9
"tt0206634",9
"tt0206634",23
"tt0206634",26
"tt0087050",15
"tt0163579",1
"tt0163579",3
"tt0163579",6
"tt0241303",9
"tt0241303",22
"tt0115907",9
"tt0115907",26
"tt1174730",6
"tt1174730",9
"tt0021749",6
"tt0021749",9
"tt0021749",22
"tt0109446",7
"tt0109446",9
"tt0109446",18
"tt1831608",24
"tt1831608",26
"tt0066921",7
"tt0066921",9
"tt0066921",23
"tt0075860",9
"tt0075860",23
"tt1371111",9
"tt1371111",23
"tt0080549",5
"tt0080549",9
"tt0080549",16
"tt0019777",6
"tt0019777",17
"tt1172991",9
"tt0068408",1
"tt0068408",23
"tt0118883",1
"tt0118883",7
"tt0118883",18
"tt1244754",5
"tt1244754",9
"tt0061512",7
"tt0061512",9
"tt1385867",1
"tt1385867",6
"tt1385867",7
"tt0142192",1
"tt0142192",7
"tt0142192",9
"tt4517460",24
"tt4517460",9
"tt4375160",8
"tt0455407",15
"tt0455407",18
"tt0455407",26
"tt1263670",9
"tt1263670",16
"tt1263670",22
"tt0778658",9
"tt0778658",18
"tt0074695",9
"tt0074695",27
"tt0092809",23
"tt0092809",15
"tt0036733",9
"tt0036733",12
"tt0790636",5
"tt0790636",9
"tt0077394",15
"tt1667307",6
"tt1667307",9
"tt1667307",22
"tt1571222",5
"tt1571222",9
"tt1571222",26
"tt0106673",6
"tt0106673",22
"tt0085404",9
"tt0085404",23
"tt0433362",1
"tt0433362",15
"tt0433362",23
"tt0377749",15
"tt0377749",26
"tt0377749",28
"tt0455760",15
"tt0455760",18
"tt0455760",26
"tt0989757",9
"tt0989757",22
"tt0989757",27
"tt1028528",26
"tt0089008",9
"tt0089008",18
"tt0089008",22
"tt1543778",24
"tt1543778",17
"tt0068473",3
"tt0068473",9
"tt0068473",26
"tt0106697",1
"tt0106697",7
"tt0106697",23
"tt1323594",4
"tt1323594",6
"tt1323594",10
"tt0033532",6
"tt0033532",9
"tt0033532",11
"tt0458352",6
"tt0458352",9
"tt0458352",22
"tt0118971",9
"tt0118971",18
"tt0118971",26
"tt0427152",6
"tt0134619",15
"tt0134619",18
"tt0134619",23
"tt0401383",5
"tt0401383",9
"tt0059113",9
"tt0059113",22
"tt0059113",27
"tt0421054",1
"tt0421054",5
"tt0421054",7
"tt0419706",1
"tt0419706",15
"tt0419706",23
"tt0112887",1
"tt0112887",6
"tt0112887",7
"tt3689834",9
"tt0022835",15
"tt0022835",23
"tt0057012",6
"tt1294986",19
"tt0097240",7
"tt0097240",9
"tt0097243",9
"tt0097243",26
"tt0400386",2
"tt0067023",1
"tt0067023",26
"tt0329028",6
"tt0266489",6
"tt0104155",15
"tt0104155",18
"tt0104155",26
"tt1226273",7
"tt1226273",9
"tt1226273",18
"tt0046949",9
"tt0046949",14
"tt0079100",6
"tt0079100",28
"tt0079100",9
"tt0319343",6
"tt0319343",10
"tt0319343",11
"tt0368709",6
"tt0368709",9
"tt0368709",22
"tt0295234",1
"tt0295234",3
"tt0295234",23
"tt0338963",23
"tt0146675",1
"tt0146675",11
"tt0146675",15
"tt1731141",1
"tt1731141",23
"tt2390361",6
"tt2390361",9
"tt2390361",22
"tt0067065",1
"tt0067065",23
"tt0892051",15
"tt0892051",18
"tt0892051",26
"tt0083907",15
"tt0083908",18
"tt0070047",15
"tt1320253",1
"tt1320253",3
"tt1320253",26
"tt0119094",1
"tt0119094",7
"tt0119094",23
"tt0133751",15
"tt0133751",18
"tt0133751",23
"tt0119099",1
"tt0119099",7
"tt0119099",9
"tt0109770",1
"tt0109770",3
"tt0109770",23
"tt0432283",4
"tt0432283",3
"tt0432283",6
"tt0060397",3
"tt0060397",10
"tt0060397",23
"tt0297884",9
"tt0297884",22
"tt1433108",1
"tt1433108",7
"tt1433108",9
"tt0362636",15
"tt0362636",26
"tt1837703",5
"tt1837703",9
"tt1837703",26
"tt0104265",9
"tt0104265",22
"tt0104265",26
"tt0082377",15
"tt3534842",26
"tt0101889",6
"tt0101889",9
"tt0097366",6
"tt0097366",18
"tt0097366",7
"tt1813315",24
"tt1405500",9
"tt0245120",15
"tt0245120",26
"tt0082405",6
"tt0082405",9
"tt0264616",7
"tt0264616",9
"tt0264616",26
"tt1142977",4
"tt1142977",6
"tt1142977",10
"tt0101917",6
"tt0101917",15
"tt0101917",26
"tt2571724",24
"tt2571724",15
"tt0101921",9
"tt0057076",1
"tt0057076",3
"tt0057076",26
"tt0870111",9
"tt0870111",14
"tt0212277",15
"tt0212277",26
"tt0086719",4
"tt0086719",1
"tt0086719",3
"tt0116384",9
"tt0116384",18
"tt0116384",22
"tt0177789",3
"tt0177789",6
"tt0177789",23
"tt0144214",9
"tt0144214",18
"tt0144214",26
"tt1226229",6
"tt1226229",16
"tt0097428",6
"tt0097428",11
"tt0049261",9
"tt0335119",5
"tt0335119",9
"tt0335119",22
"tt0104348",9
"tt0385726",5
"tt0385726",9
"tt0385726",25
"tt0317248",7
"tt0317248",9
"tt0068646",7
"tt0068646",9
"tt0089212",5
"tt0089212",9
"tt0089212",25
"tt0058150",1
"tt0058150",3
"tt0058150",26
"tt0187078",1
"tt0187078",7
"tt0187078",26
"tt0452625",6
"tt0452625",9
"tt0452625",22
"tt0433383",9
"tt0401445",6
"tt0401445",9
"tt0401445",22
"tt0113198",4
"tt0113198",3
"tt0113198",6
"tt0089218",3
"tt0089218",6
"tt0089218",10
"tt1081340",8
"tt0430154",23
"tt0430154",24
"tt0430154",1
"tt1343092",9
"tt1343092",22
"tt0082474",6
"tt0082474",7
"tt0082474",10
"tt0079240",3
"tt0079240",7
"tt0079240",9
"tt0947810",1
"tt0947810",9
"tt0947810",26
"tt1234654",6
"tt1234654",9
"tt1234654",22
"tt0119229",1
"tt0119229",6
"tt0119229",7
"tt0077651",15
"tt0077651",26
"tt0120694",15
"tt0120694",26
"tt0220506",6
"tt0220506",15
"tt0220506",26
"tt0147612",6
"tt0147612",9
"tt0210094",6
"tt1045670",6
"tt1045670",9
"tt0424136",7
"tt0424136",9
"tt0424136",26
"tt0058182",6
"tt0058182",17
"tt0079271",9
"tt0079271",26
"tt0099740",1
"tt0099740",23
"tt0099740",26
"tt0067185",6
"tt0067185",9
"tt0067185",22
"tt0042546",6
"tt0042546",9
"tt0415833",7
"tt0415833",9
"tt0415833",18
"tt0104409",15
"tt0116514",15
"tt0116514",23
"tt1029120",6
"tt1029120",9
"tt1798709",9
"tt1798709",22
"tt1798709",23
"tt1212419",9
"tt1212419",11
"tt0299977",1
"tt0299977",3
"tt0299977",14
"tt0097503",26
"tt0455960",1
"tt0455960",7
"tt0455960",26
"tt0465494",1
"tt0465494",7
"tt0465494",9
"tt0311289",3
"tt0311289",6
"tt0311289",9
"tt0093209",6
"tt0093209",9
"tt0093209",22
"tt0787475",6
"tt0495123",2
"tt0116573",1
"tt0116573",15
"tt0116573",26
"tt0185371",15
"tt0185371",18
"tt0185371",26
"tt1341188",6
"tt1341188",9
"tt1341188",22
"tt0462346",6
"tt0462346",10
"tt0082533",15
"tt0308383",9
"tt0308383",22
"tt0308383",26
"tt0339184",9
"tt0339184",15
"tt0339184",18
"tt0887912",9
"tt0887912",14
"tt0887912",26
"tt0379632",7
"tt0379632",9
"tt0379632",18
"tt0054997",9
"tt0054997",25
"tt1477855",5
"tt1477855",6
"tt1477855",9
"tt0480249",9
"tt0480249",23
"tt0480249",26
"tt1691920",9
"tt0770772",6
"tt0770772",9
"tt0770772",22
"tt0036027",15
"tt0309698",18
"tt0309698",26
"tt0387808",3
"tt0387808",6
"tt0387808",23
"tt0210742",19
"tt0385267",6
"tt0385267",9
"tt0385267",22
"tt0388125",6
"tt0388125",9
"tt0388125",22
"tt0061811",7
"tt0061811",9
"tt0061811",18
"tt0478134",7
"tt0478134",9
"tt0478134",18
"tt0800080",1
"tt0800080",3
"tt0800080",23
"tt2042568",9
"tt2042568",16
"tt0454848",7
"tt0454848",9
"tt0454848",18
"tt0091276",15
"tt0091276",23
"tt0247082",7
"tt0247082",9
"tt0247082",18
"tt1700845",5
"tt1700845",9
"tt1700845",14
"tt0116654",15
"tt0116654",23
"tt0116654",26
"tt0037820",9
"tt0037820",15
"tt0037820",18
"tt0804497",6
"tt0804497",9
"tt0804497",22
"tt1278379",6
"tt1278379",9
"tt1278379",22
"tt0042609",5
"tt0042609",9
"tt0042609",25
"tt0085750",15
"tt0093300",15
"tt0018037",9
"tt0018037",16
"tt0018037",17
"tt0388147",8
"tt0388147",24
"tt0079367",6
"tt0038661",5
"tt0038661",9
"tt0038661",16
"tt1075747",1
"tt1075747",9
"tt1075747",11
"tt0298388",4
"tt0298388",3
"tt0298388",6
"tt0076245",9
"tt0421034",8
"tt0426060",1
"tt0426060",25
"tt0087538",1
"tt0087538",9
"tt0087538",10
"tt0116768",6
"tt0266697",1
"tt1311071",5
"tt1311071",9
"tt1311071",22
"tt0048254",7
"tt0048254",9
"tt0048254",12
"tt0284236",1
"tt0284236",9
"tt0284236",7
"tt0167234",4
"tt0167234",24
"tt0167234",10
"tt0104627",7
"tt0104627",9
"tt0104627",18
"tt0272152",9
"tt0272152",23
"tt4422464",8
"tt1967545",9
"tt3103360",6
"tt3103360",7
"tt3103360",18
"tt0107362",1
"tt0107362",3
"tt0107362",6
"tt0272020",1
"tt0272020",9
"tt0272020",26
"tt0076300",1
"tt0076300",3
"tt0076300",27
"tt0095497",9
"tt0053619",9
"tt0053619",18
"tt0056172",3
"tt0056172",5
"tt0056172",9
"tt1216492",6
"tt1216492",22
"tt0126388",1
"tt0126388",3
"tt0126388",9
"tt0071746",5
"tt0071746",9
"tt0308496",9
"tt0036104",15
"tt0036104",26
"tt1228987",9
"tt1228987",15
"tt1228987",18
"tt0498380",9
"tt0498380",14
"tt0498380",27
"tt0892318",6
"tt0892318",9
"tt0892318",22
"tt0107400",9
"tt0095519",6
"tt0036112",6
"tt0036112",9
"tt0036112",22
"tt0362270",3
"tt0362270",6
"tt0362270",9
"tt0118799",6
"tt0118799",9
"tt0118799",22
"tt0361841",6
"tt0361841",22
"tt0361841",9
"tt0404203",9
"tt0404203",22
"tt0449059",6
"tt0449059",9
"tt0097758",6
"tt0097758",3
"tt0097758",10
"tt1785450",24
"tt1785450",9
"tt1091191",1
"tt1091191",5
"tt1091191",9
"tt0070334",7
"tt0070334",9
"tt0070334",26
"tt2599172",24
"tt2599172",26
"tt0427470",7
"tt0427470",9
"tt0427470",26
"tt0318155",4
"tt0318155",3
"tt0318155",6
"tt1482459",4
"tt1482459",6
"tt1482459",10
"tt0167260",3
"tt0167260",9
"tt0167260",11
"tt0120737",3
"tt0120737",9
"tt0120737",11
"tt0093437",6
"tt0093437",15
"tt3351038",8
"tt3351038",9
"tt0144286",7
"tt0144286",9
"tt0144286",22
"tt0160484",9
"tt0160484",15
"tt0160484",26
"tt0037884",9
"tt0037884",12
"tt0102357",6
"tt0102357",9
"tt0102357",22
"tt0068098",6
"tt0068098",9
"tt0068098",27
"tt0031602",6
"tt0031602",9
"tt0031602",22
"tt1371155",5
"tt1371155",6
"tt1371155",9
"tt0097806",11
"tt0268995",9
"tt0268995",22
"tt0033870",7
"tt0033870",9
"tt0033870",12
"tt0073341",3
"tt0073349",1
"tt0073349",22
"tt1054115",15
"tt1054115",26
"tt2103217",15
"tt2103217",26
"tt0390221",7
"tt0390221",9
"tt0116996",6
"tt0116996",23
"tt0347507",19
"tt0242653",1
"tt0242653",23
"tt0110478",1
"tt0110478",3
"tt0110478",6
"tt0377092",6
"tt0081150",6
"tt0081150",9
"tt0100133",1
"tt0100133",9
"tt0100133",27
"tt1116802",2
"tt0790712",9
"tt0790712",22
"tt0790712",27
"tt0017136",9
"tt0017136",23
"tt0465538",7
"tt0465538",9
"tt0465538",18
"tt1032817",6
"tt1032817",9
"tt0095631",1
"tt0095631",6
"tt0095631",7
"tt0120751",1
"tt0120751",3
"tt0120751",10
"tt0106064",1
"tt0106064",3
"tt0106064",10
"tt0405159",9
"tt0405159",25
"tt0117057",6
"tt0117057",9
"tt0117057",22
"tt0084335",9
"tt0084335",14
"tt0084335",18
"tt0884328",15
"tt0884328",23
"tt0884328",26
"tt0244353",9
"tt0244353",11
"tt0102460",7
"tt0102460",9
"tt2942522",9
"tt0340855",5
"tt0340855",7
"tt0340855",9
"tt0071853",3
"tt0071853",6
"tt0071853",11
"tt0472471",8
"tt0472471",24
"tt1121977",9
"tt1121977",22
"tt0265349",9
"tt0265349",15
"tt0265349",18
"tt0758713",24
"tt0758713",1
"tt0780571",6
"tt0780571",7
"tt0780571",9
"tt0031679",9
"tt0117104",6
"tt0117104",9
"tt0117104",22
"tt0408306",9
"tt0408306",14
"tt0408306",26
"tt1531804",7
"tt1531804",9
"tt1531804",18
"tt0359715",6
"tt0110613",6
"tt0110613",9
"tt0110613",10
"tt0102494",9
"tt1909807",6
"tt1909807",9
"tt1909807",15
"tt0024368",15
"tt0024368",18
"tt0024368",26
"tt0051297",7
"tt0051297",9
"tt0051297",26
"tt1329484",8
"tt1329484",14
"tt1329484",27
"tt0085995",3
"tt0085995",6
"tt0368891",1
"tt0368891",3
"tt0368891",18
"tt0093605",1
"tt0093605",7
"tt0093605",9
"tt1821549",3
"tt1821549",6
"tt1821549",9
"tt0120768",1
"tt0120768",7
"tt0120768",9
"tt0074958",9
"tt0379907",1
"tt0379907",3
"tt0379907",4
"tt1334260",9
"tt1334260",22
"tt1334260",23
"tt0111686",11
"tt0111686",15
"tt0111686",18
"tt0402399",5
"tt0402399",9
"tt0402399",14
"tt1078912",1
"tt1078912",3
"tt1078912",6
"tt0120770",6
"tt0120770",16
"tt0120770",22
"tt0048424",7
"tt0048424",9
"tt0048424",12
"tt0403358",1
"tt0403358",11
"tt0403358",26
"tt0137982",9
"tt0087800",15
"tt0089686",15
"tt0093629",15
"tt0093629",26
"tt0080319",6
"tt0113987",5
"tt0113987",9
"tt0113987",14
"tt0477348",7
"tt0477348",9
"tt0477348",26
"tt1763264",15
"tt1763264",26
"tt0097990",9
"tt0790721",9
"tt0790721",22
"tt0053125",3
"tt0053125",7
"tt0053125",18
"tt0058414",9
"tt0058414",22
"tt0114011",6
"tt0114011",9
"tt0012512",6
"tt0012512",24
"tt1266029",5
"tt1266029",9
"tt1266029",16
"tt0481369",9
"tt0481369",18
"tt0481369",26
"tt0120773",3
"tt0120773",6
"tt0118414",3
"tt0118414",11
"tt0118414",9
"tt0084434",9
"tt0084434",22
"tt0364569",9
"tt0364569",18
"tt0364569",26
"tt0075005",15
"tt0075005",18
"tt0082846",9
"tt0047296",7
"tt0047296",9
"tt0047296",26
"tt0087843",7
"tt0087843",9
"tt1196956",5
"tt1196956",6
"tt1196956",9
"tt0118531",9
"tt0118531",26
"tt0031762",3
"tt0031762",9
"tt0031762",12
"tt0110737",6
"tt0110737",22
"tt0089755",5
"tt0089755",9
"tt0089755",22
"tt0457430",9
"tt0457430",11
"tt0457430",27
"tt0114084",9
"tt0070510",6
"tt0070510",7
"tt0070510",9
"tt0071970",26
"tt1537874",26
"tt0120783",3
"tt0120783",6
"tt0120783",9
"tt0066697",6
"tt0105104",1
"tt0105104",7
"tt0105104",26
"tt2404461",9
"tt2404461",18
"tt0050825",9
"tt0050825",27
"tt0107798",7
"tt0107798",9
"tt0107798",18
"tt0107808",7
"tt0107808",9
"tt0107808",26
"tt0120915",1
"tt0120915",3
"tt0120915",11
"tt2431286",5
"tt2431286",9
"tt0084503",4
"tt0084503",9
"tt0084503",17
"tt1817273",7
"tt1817273",9
"tt1817273",26
"tt0133152",1
"tt0133152",3
"tt0133152",23
"tt0200365",9
"tt1682940",15
"tt1682940",26
"tt0878835",6
"tt0878835",9
"tt0086122",9
"tt0358644",6
"tt0358644",23
"tt0107840",9
"tt0107840",22
"tt0084516",15
"tt0040705",9
"tt0040705",22
"tt0040705",11
"tt0069113",1
"tt0069113",3
"tt0069113",9
"tt0082933",9
"tt0082933",15
"tt5016504",3
"tt5016504",9
"tt5016504",11
"tt0482571",9
"tt0482571",18
"tt0482571",23
"tt1392214",7
"tt1392214",9
"tt1392214",18
"tt0063462",6
"tt2091473",9
"tt3020306",24
"tt3020306",15
"tt0105187",7
"tt0105187",9
"tt0105187",22
"tt4968796",24
"tt0030637",6
"tt0030637",9
"tt0030637",22
"tt0386351",6
"tt0180073",5
"tt0180073",9
"tt0110932",9
"tt0110932",14
"tt1434443",7
"tt1434443",9
"tt0935075",9
"tt0076590",15
"tt0076590",23
"tt0191391",1
"tt0191391",9
"tt0191391",15
"tt0082971",1
"tt0082971",3
"tt0020344",9
"tt0089880",1
"tt0089880",3
"tt0089880",26
"tt0382932",4
"tt0382932",6
"tt0382932",10
"tt0289765",7
"tt0289765",9
"tt0289765",26
"tt0421239",18
"tt0421239",26
"tt0294870",9
"tt0294870",17
"tt0294870",22
"tt0180093",9
"tt2301123",1
"tt2301123",3
"tt2301123",23
"tt0122459",6
"tt0122459",9
"tt0122459",22
"tt0207267",4
"tt0207267",3
"tt0207267",23
"tt0056412",28
"tt0298130",15
"tt0298130",18
"tt0267891",6
"tt0267891",25
"tt0053221",6
"tt0053221",9
"tt0053221",28
"tt0066302",6
"tt3106594",24
"tt3106594",5
"tt3106594",9
"tt1336608",6
"tt1336608",9
"tt1336608",17
"tt0100507",9
"tt0100507",25
"tt0088011",1
"tt0088011",3
"tt0088011",6
"tt3866930",4
"tt3866930",24
"tt0063522",9
"tt0063522",15
"tt0265666",6
"tt0265666",9
"tt0292644",6
"tt0292644",9
"tt0292644",22
"tt0120042",7
"tt0120042",26
"tt1097649",9
"tt0257076",1
"tt0257076",7
"tt0257076",26
"tt0035279",26
"tt0035279",27
"tt0047443",9
"tt0047443",14
"tt0091886",9
"tt0091886",14
"tt0091886",26
"tt0078199",6
"tt0078199",9
"tt0078199",22
"tt0108037",6
"tt0108037",9
"tt0108037",10
"tt0176118",17
"tt0176118",10
"tt1629412",24
"tt1629412",6
"tt1629412",10
"tt1615065",7
"tt1615065",9
"tt1615065",26
"tt0098258",6
"tt0098258",9
"tt0098258",22
"tt0405296",4
"tt0405296",23
"tt0405296",26
"tt0114345",9
"tt0114345",22
"tt0098273",7
"tt0098273",9
"tt0098273",18
"tt0359950",3
"tt0359950",6
"tt0359950",9
"tt0363988",18
"tt0363988",26
"tt1028576",9
"tt1028576",10
"tt1028576",14
"tt0814314",9
"tt0814314",22
"tt0221928",9
"tt0221928",15
"tt0221928",26
"tt0036341",9
"tt0036341",15
"tt0036341",18
"tt0115012",7
"tt0115012",9
"tt0117631",5
"tt0117631",9
"tt0117631",16
"tt0083067",6
"tt0083067",17
"tt0084675",9
"tt2370248",9
"tt1130884",18
"tt1130884",26
"tt0102926",7
"tt0102926",9
"tt0102926",26
"tt0075223",1
"tt0075223",6
"tt0075223",7
"tt0090022",1
"tt0090022",7
"tt0090022",9
"tt0120324",7
"tt0120324",9
"tt0120324",26
"tt1127715",3
"tt1127715",7
"tt1127715",9
"tt1315981",9
"tt3982974",24
"tt3982974",15
"tt0301848",6
"tt0301848",15
"tt0301848",26
"tt1728246",24
"tt1728246",6
"tt0114478",6
"tt0114478",9
"tt0076729",1
"tt0076729",6
"tt2689888",24
"tt2689888",9
"tt2689888",15
"tt2376210",24
"tt2376210",15
"tt0473267",15
"tt0473267",18
"tt0473267",26
"tt0053291",6
"tt0053291",7
"tt0086336",11
"tt0086336",18
"tt0086336",26
"tt1421051",6
"tt1421051",9
"tt0081534",9
"tt0081534",11
"tt0081534",22
"tt3708286",4
"tt3708286",10
"tt3708286",11
"tt0469188",24
"tt0469188",26
"tt0069303",9
"tt0069303",10
"tt0158983",4
"tt0158983",6
"tt0158983",17
"tt0186566",1
"tt0186566",3
"tt0186566",26
"tt0120174",1
"tt0120174",23
"tt1714206",6
"tt1714206",9
"tt1714206",22
"tt0051003",3
"tt0051003",5
"tt0051003",9
"tt0777281",9
"tt2101441",1
"tt2101441",7
"tt2101441",9
"tt0029604",6
"tt0029604",9
"tt0031971",3
"tt0031971",28
"tt0465616",6
"tt0465616",15
"tt0046359",6
"tt0046359",9
"tt0046359",27
"tt0092005",3
"tt0092005",9
"tt0193524",3
"tt0193524",10
"tt0193524",17
"tt0251413",1
"tt0251413",3
"tt0251413",23
"tt0080684",1
"tt0080684",3
"tt0080684",11
"tt0371257",9
"tt0371257",18
"tt0371257",26
"tt0086370",6
"tt0086370",7
"tt0286162",9
"tt1423995",9
"tt1423995",26
"tt0069316",23
"tt0069316",15
"tt0094048",1
"tt0094048",6
"tt0094048",28
"tt2268573",15
"tt2268573",23
"tt0038991",7
"tt0038991",9
"tt0038991",12
"tt0420223",6
"tt0420223",9
"tt0420223",11
"tt0460949",1
"tt0460949",3
"tt0460949",7
"tt0090093",1
"tt0090093",26
"tt0090093",3
"tt0243585",4
"tt0243585",3
"tt0243585",6
"tt0081568",1
"tt0081568",6
"tt0081568",9
"tt0120238",6
"tt0120238",9
"tt0078346",1
"tt0078346",9
"tt0078346",22
"tt0081573",1
"tt0081573",23
"tt0086393",1
"tt0086393",6
"tt0086393",23
"tt0094074",1
"tt0094074",3
"tt0094074",10
"tt2753778",8
"tt1453257",1
"tt1453257",3
"tt0479760",7
"tt0479760",9
"tt0479760",15
"tt0230838",9
"tt0230838",22
"tt1774587",4
"tt1774587",24
"tt1774587",6
"tt0034266",1
"tt0034266",3
"tt0034266",22
"tt0036418",9
"tt0036418",22
"tt0086423",9
"tt0086423",16
"tt0103064",1
"tt0103064",23
"tt0086425",6
"tt0086425",9
"tt0338494",9
"tt0338494",10
"tt0338494",24
"tt1541935",24
"tt1541935",6
"tt0469494",9
"tt0083190",1
"tt0083190",7
"tt0083190",9
"tt0025878",6
"tt0025878",7
"tt0025878",18
"tt0120863",9
"tt0120863",27
"tt0044121",15
"tt0044121",23
"tt0245674",15
"tt0245674",18
"tt0245674",26
"tt0041959",12
"tt0041959",18
"tt0041959",26
"tt0155267",7
"tt0155267",22
"tt0155267",26
"tt0055244",9
"tt0055244",27
"tt0073802",18
"tt0073802",26
"tt0114663",9
"tt0114663",11
"tt0066434",9
"tt0066434",23
"tt0066434",26
"tt0452694",9
"tt0452694",11
"tt0452694",22
"tt0300556",1
"tt0300556",3
"tt0300556",23
"tt0048728",18
"tt0048728",22
"tt0048728",26
"tt4969494",27
"tt0840361",7
"tt0840361",9
"tt0840361",26
"tt0120363",4
"tt0120363",3
"tt0120363",6
"tt0435761",4
"tt0435761",3
"tt0435761",6
"tt0025905",6
"tt0025905",17
"tt0025905",18
"tt0040897",1
"tt0040897",3
"tt0040897",9
"tt0469251",6
"tt0153301",24
"tt0153301",6
"tt0153301",23
"tt0023622",6
"tt0023622",7
"tt0023622",22
"tt0098524",9
"tt0098524",7
"tt0139668",7
"tt0139668",9
"tt0139668",18
"tt0114746",18
"tt0114746",23
"tt0114746",26
"tt1325004",3
"tt1325004",9
"tt1325004",11
"tt1259571",3
"tt1259571",9
"tt1259571",11
"tt0105665",15
"tt0105665",18
"tt0105665",26
"tt0098546",6
"tt0477080",1
"tt0477080",26
"tt0880578",7
"tt0880578",9
"tt0880578",26
"tt1467412",16
"tt0146336",15
"tt0146336",18
"tt0146336",26
"tt0831374",26
"tt0452702",15
"tt0452702",26
"tt0023649",15
"tt0443274",1
"tt0443274",7
"tt0443274",9
"tt0497465",9
"tt0497465",22
"tt0055601",9
"tt0358273",5
"tt0358273",9
"tt0358273",16
"tt0281358",9
"tt0281358",22
"tt0119873",9
"tt0119873",27
"tt0118125",9
"tt0096426",6
"tt0096426",15
"tt0029747",6
"tt0029747",28
"tt1727388",6
"tt1727388",9
"tt1242460",9
"tt0120888",6
"tt0120888",22
"tt0023686",9
"tt0207201",6
"tt0207201",11
"tt0207201",22
"tt0386117",3
"tt0386117",9
"tt0386117",10
"tt1172233",9
"tt1172233",25
"tt0108558",9
"tt0108558",26
"tt0287138",6
"tt0047677",9
"tt0050986",9
"tt0050986",22
"tt0250949",1
"tt0250949",23
"tt0250949",28
"tt0310357",9
"tt0310357",15
"tt0310357",23
"tt1399683",9
"tt0094332",6
"tt0094332",11
"tt0094332",15
"tt0181904",8
"tt0181904",24
"tt0051201",9
"tt0051201",18
"tt1772341",4
"tt1772341",3
"tt1772341",6
"tt0101846",1
"tt0101846",26
"tt0326431",8
"tt0290334",1
"tt0290334",3
"tt0290334",23
"tt2265400",24
"tt2265400",1
"tt2265400",23
"tt0038263",9
"tt0038263",22
"tt0072431",6
"tt0962736",5
"tt0962736",9
"tt0962736",14
"tt0443706",7
"tt0443706",9
"tt0443706",18
"tt1156398",3
"tt1156398",6
"tt1156398",15
"tt0080180",3
"tt0080180",9
"tt0080180",14
"tt0050083",7
"tt0050083",9
"tt0120633",9
"tt3322940",15
"tt3322940",18
"tt1126590",5
"tt1126590",7
"tt1126590",9
"tt0903747",7
"tt0903747",9
"tt0903747",26
"tt3682448",5
"tt3682448",9
"tt3682448",26
"tt0132920",9
"tt0132920",22
"tt0132920",6
"tt0470752",9
"tt0470752",18
"tt0470752",23
"tt3460094",24
"tt2267998",7
"tt2267998",9
"tt2267998",18
"tt0097481",6
"tt0097481",7
"tt0097481",9
"tt0119345",15
"tt0119345",18
"tt0119345",26
"tt2096673",4
"tt2096673",3
"tt2096673",6
"tt2226417",15
"tt2226417",26
"tt0479942",7
"tt0479942",9
"tt0479942",26
"tt1186829",6
"tt2349144",9
"tt2872718",7
"tt2872718",26
"tt1204977",15
"tt0460672",9
"tt0460672",18
"tt1536437",7
"tt1536437",9
"tt1536437",22
"tt1135985",3
"tt1135985",6
"tt1135985",22
"tt3205376",1
"tt3205376",18
"tt3205376",22
"tt0085244",6
"tt0085244",9
"tt3172532",9
"tt3172532",22
"tt3416744",9
"tt2084970",5
"tt2084970",9
"tt2084970",26
"tt1490017",4
"tt1490017",1
"tt1490017",3
"tt0775529",6
"tt0775529",9
"tt2980516",5
"tt2980516",9
"tt2980516",22
"tt3152624",6
"tt3152624",22
"tt0242998",15
"tt0242998",26
"tt0439612",7
"tt0439612",9
"tt0439612",22
"tt2062487",6
"tt2164490",1
"tt0112571",6
"tt0112571",9
"tt0088930",6
"tt0088930",7
"tt0088930",18
"tt0099291",9
"tt0099291",14
"tt0099291",22
"tt0387131",9
"tt0387131",18
"tt0387131",22
"tt0120646",9
"tt0116191",6
"tt0116191",9
"tt0116191",22
"tt4841648",15
"tt4841648",26
"tt0120910",4
"tt0120910",10
"tt0120910",11
"tt0101862",6
"tt1198207",4
"tt1198207",1
"tt1198207",7
"tt0463953",6
"tt0463953",9
"tt0463953",22
"tt1201607",3
"tt1201607",9
"tt1201607",11
"tt0119506",9
"tt2486652",9
"tt0397535",9
"tt0397535",22
"tt1447494",9
"tt1447494",18
"tt1447494",26
"tt0120791",6
"tt0120791",9
"tt0120791",11
"tt0100436",6
"tt0100436",9
"tt0100436",16
"tt0086373",6
"tt0088196",8
"tt0088258",6
"tt0088258",16
"tt0335563",7
"tt0335563",9
"tt0335563",18
"tt0096463",6
"tt0096463",9
"tt0096463",22
"tt0435625",15